sep=;
timestamp;gyro-alpha;gyro-beta;gyro-gamma;accel-x;accel-y;accel-z
1445508893589;61.558380126953125;-101.30327606201172;3.4507980346679688;-1.0091559886932373;-8.789113998413086;-2.5665841102600098
1445508893621;61.885009765625;-102.88616943359375;3.7548913955688477;-0.4920084476470947;-8.572439193725586;-2.4468741416931152
1445508893654;60.433624267578125;-105.782958984375;3.229827642440796;0.7146692276000977;-8.78073501586914;-2.0901381969451904
1445508893687;59.323516845703125;-106.87125396728516;2.8269283771514893;0.5961562395095825;-9.642647743225098;-1.6124948263168335
1445508893720;54.069305419921875;-107.70628356933594;0.5968306064605713;1.6412252187728882;-12.168530464172363;-2.369062662124634
1445508893753;50.52667236328125;-107.53887176513672;-0.7581459879875183;2.473210334777832;-12.980164527893066;-2.1571757793426514
1445508893786;45.69207763671875;-107.46730041503906;-2.8212320804595947;1.7369933128356934;-12.018892288208008;-2.9712042808532715
1445508893819;44.543212890625;-106.89360809326172;-3.3358049392700195;0.8224082589149475;-11.840524673461914;-2.033874273300171
1445508893853;41.9420166015625;-105.33086395263672;-4.538819789886475;1.4915876388549805;-10.451887130737305;-1.3084312677383423
1445508893885;40.00006103515625;-103.79548645019531;-5.803128719329834;1.647210717201233;-8.921992301940918;-1.2282254695892334
1445508893918;39.655853271484375;-103.30465698242188;-6.366482734680176;1.558625340461731;-8.633491516113281;-1.3970166444778442
1445508893950;40.65045166015625;-102.94137573242188;-7.098282814025879;0.35075053572654724;-9.309853553771973;-1.8722656965255737
1445508893984;41.794769287109375;-103.0792236328125;-7.279610633850098;0.47165772318840027;-9.81263542175293;-1.9560627937316895
1445508894017;44.51776123046875;-103.91317749023438;-7.921839714050293;0.5805938839912415;-9.59715747833252;-1.8495208024978638
1445508894050;50.287567138671875;-104.5363998413086;-7.3984150886535645;-0.9433154463768005;-9.384073257446289;-2.270900249481201
1445508894083;54.019195556640625;-105.0420913696289;-6.735627174377441;-1.4628572463989258;-8.698134422302246;-3.0777463912963867
1445508894116;61.623992919921875;-107.50328826904297;-5.199777126312256;-0.1867477297782898;-8.135497093200684;-3.9815573692321777
1445508894149;65.3834228515625;-108.94204711914062;-4.627967357635498;-0.15562310814857483;-7.654263019561768;-3.7612907886505127
1445508894182;73.075927734375;-112.37161254882812;-3.1063106060028076;-0.2968810200691223;-6.9024834632873535;-4.459200859069824
1445508894216;78.19171142578125;-117.3082275390625;-2.469176769256592;-0.15562310814857483;-8.076839447021484;-6.888118267059326
1445508894248;79.683837890625;-119.96519470214844;-2.370753765106201;-0.99479079246521;-9.194931983947754;-7.845798969268799
1445508894281;81.66705322265625;-124.09757232666016;-2.2260494232177734;0.2621650993824005;-11.150994300842285;-8.117541313171387
1445508894314;78.67486572265625;-125.3486328125;-4.223524570465088;2.1380221843719482;-11.037269592285156;-6.891709804534912
1445508894348;74.35238647460938;-125.42176818847656;-6.134187698364258;1.942894697189331;-9.332598686218262;-6.1052141189575195
1445508894379;70.35406494140625;-125.08412170410156;-7.781301498413086;2.191891670227051;-8.197746276855469;-5.793968200683594
1445508894413;68.4393310546875;-124.6814193725586;-8.532991409301758;2.055422067642212;-7.987056732177734;-5.313930511474609
1445508894446;63.834014892578125;-123.62570190429688;-10.166431427001953;1.556231141090393;-7.420828342437744;-4.947618007659912
1445508894478;57.989471435546875;-122.53295135498047;-12.60700798034668;2.628833532333374;-7.1490864753723145;-4.460397720336914
1445508894512;55.1197509765625;-121.98265838623047;-13.87417221069336;2.914940595626831;-7.4770917892456055;-4.349067211151123
1445508894544;49.88519287109375;-120.51423645019531;-16.1024112701416;3.4320881366729736;-8.067262649536133;-3.4727895259857178
1445508894577;47.9515380859375;-119.72616577148438;-16.89476776123047;3.5697548389434814;-8.908824920654297;-3.7433342933654785
1445508894611;45.503662109375;-118.10037994384766;-17.112720489501953;0.35075053572654724;-7.043741226196289;-3.3913867473602295
1445508894644;40.093017578125;-117.99493408203125;-19.322940826416016;4.270058631896973;-6.860584735870361;-1.3204022645950317
1445508894677;39.140228271484375;-118.09193420410156;-20.458269119262695;5.378573894500732;-8.71489429473877;-1.4293384552001953
1445508894711;40.039337158203125;-118.79553985595703;-21.828678131103516;4.003105163574219;-7.675810813903809;-1.5658079385757446
1445508894744;40.81011962890625;-119.57874298095703;-22.910743713378906;5.4013190269470215;-12.591106414794922;-2.58813214302063
1445508894776;40.517181396484375;-119.8638687133789;-23.46222686767578;3.8127663135528564;-12.168530464172363;-2.941276788711548
1445508894810;42.4969482421875;-119.42566680908203;-23.431190490722656;2.8179752826690674;-11.137825965881348;-2.248155355453491
1445508894842;44.04449462890625;-119.27867889404297;-23.68471336364746;4.683058738708496;-9.26915168762207;-1.6699557304382324
1445508894877;48.354736328125;-119.8544921875;-24.78940200805664;3.5865142345428467;-8.735244750976562;-2.188300371170044
1445508894908;52.313995361328125;-119.74468231201172;-24.47899627685547;1.8471266031265259;-6.800729751586914;-3.3925838470458984
1445508894944;60.97210693359375;-119.67974853515625;-23.517866134643555;1.3694833517074585;-5.87896203994751;-3.9899370670318604
1445508894977;71.58294677734375;-118.90924835205078;-21.093368530273438;0.7182605266571045;-7.45913553237915;-4.801571369171143
1445508895006;76.72027587890625;-118.46293640136719;-19.697113037109375;1.8052281141281128;-10.260351181030273;-7.649474620819092
1445508895040;85.72015380859375;-119.81211853027344;-18.052581787109375;5.9088897705078125;-9.569623947143555;-8.92917537689209
1445508895072;87.20291137695312;-121.52359008789062;-19.07396697998047;5.536591529846191;-8.079233169555664;-7.536946773529053
1445508895105;92.353759765625;-122.14915466308594;-17.725414276123047;-0.33758243918418884;-7.538144111633301;-4.661510944366455
1445508895139;100.0614013671875;-120.76657104492188;-13.785351753234863;2.782062292098999;-8.17380428314209;-6.314706802368164
1445508895172;101.82806396484375;-121.0736312866211;-12.76934814453125;2.7736825942993164;-7.5884222984313965;-6.870162010192871
1445508895205;104.11740112304688;-122.04884338378906;-10.193642616271973;-1.0989385843276978;-7.666234016418457;-6.260837554931641
1445508895238;104.43937683105469;-120.94781494140625;-8.365924835205078;-3.892971992492676;-7.687781810760498;-2.256535053253174
1445508895271;98.30706787109375;-119.9020767211914;-8.612003326416016;3.354276657104492;-9.963470458984375;-5.21097993850708
1445508895304;93.86859130859375;-120.62471008300781;-9.821711540222168;0.993593692779541;-14.379575729370117;-5.519832134246826
1445508895337;96.6629638671875;-115.96688842773438;-5.016345500946045;-0.5207388401031494;-9.807847023010254;-1.0833762884140015
1445508895370;98.02239990234375;-112.68014526367188;-2.4416921138763428;0.6009446382522583;-12.449849128723145;-0.15921440720558167
1445508895403;97.73101806640625;-110.01368713378906;-1.8413867950439453;1.8579005002975464;-12.15057373046875;1.0067617893218994
1445508895436;94.81344604492188;-104.05329132080078;-2.222074270248413;4.566939830780029;-10.14782428741455;0.851138710975647
1445508895469;93.12838745117188;-101.88174438476562;-2.9870827198028564;1.9345149993896484;-9.520543098449707;-0.14484919607639313
1445508895502;95.93460083007812;-98.14381408691406;-2.6699843406677246;0.5494692921638489;-9.402029991149902;1.049857497215271
1445508895535;99.23797607421875;-94.92823791503906;-2.6752161979675293;3.2800562381744385;-10.061633110046387;0.33758243918418884
1445508895568;98.91458129882812;-94.9771728515625;-3.7513396739959717;3.603273630142212;-10.627861022949219;0.1280897855758667
1445508895601;100.92523193359375;-95.93478393554688;-5.524975776672363;1.6687586307525635;-10.27591323852539;0.3842693865299225
1445508895633;104.59468078613281;-95.97044372558594;-5.627018928527832;-0.8307880163192749;-10.442310333251953;1.158793568611145
1445508895668;118.369140625;-93.42256927490234;-3.1368961334228516;-2.964021682739258;-10.425551414489746;1.8471266031265259
1445508895701;132.19512939453125;-90.53558349609375;-0.45647019147872925;-0.7146692276000977;-9.376891136169434;1.0007762908935547
1445508895733;136.90882873535156;-90.29936218261719;-0.2163480669260025;0.2106897532939911;-9.185355186462402;-0.38067805767059326
1445508895768;145.03477478027344;-92.97064971923828;-0.7292406558990479;-0.4668693244457245;-8.10317611694336;-0.5770025849342346
1445508895799;163.20968627929688;-96.71501159667969;-0.17394626140594482;-1.5131354331970215;-8.042123794555664;-0.3603273630142212
1445508895832;169.22030639648438;-98.66242218017578;-0.0425470694899559;-1.8148049116134644;-8.304288864135742;-0.6320692300796509
1445508895866;180.47262573242188;-99.02497100830078;-0.4193822741508484;-1.6424223184585571;-9.850942611694336;0.6631938815116882
1445508895897;187.07095336914062;-99.68527221679688;-0.01708412356674671;-3.4584243297576904;-12.060791015625;-0.6189011335372925
1445508895931;204.13558959960938;-99.95249938964844;3.2506325244903564;-5.948394298553467;-13.696030616760254;-4.314351558685303
1445508895964;211.53131103515625;-102.01213836669922;5.128251075744629;-6.470330238342285;-15.618575096130371;-7.217320919036865
1445508895997;218.8349609375;-106.26451110839844;7.214969635009766;-5.0685248374938965;-12.266692161560059;-6.870162010192871
1445508896030;222.77243041992188;-108.34720611572266;9.323408126831055;-7.726089000701904;-9.496601104736328;-6.773196697235107
1445508896063;226.59849548339844;-110.9447021484375;12.939583778381348;-3.70742130279541;-8.234856605529785;-4.4520182609558105
1445508896097;224.01841735839844;-109.6018295288086;13.248785972595215;-4.0569748878479;-9.315838813781738;-0.6200982332229614
1445508896129;221.4849853515625;-108.15923309326172;12.976343154907227;0.1951274424791336;-7.91283655166626;-1.0905588865280151
1445508896162;206.7115020751953;-104.1548080444336;7.793951034545898;3.6320040225982666;-6.187814235687256;-2.1799206733703613
1445508896194;196.52389526367188;-101.8358154296875;4.133147239685059;0.38546648621559143;-8.060079574584961;-0.4728548228740692
1445508896227;197.36660766601562;-99.70638275146484;6.815075874328613;-3.2824504375457764;-7.723694801330566;1.3838485479354858
1445508896261;192.86282348632812;-98.69689178466797;5.728460788726807;3.5278561115264893;-4.993107795715332;0.31603461503982544
1445508896295;172.5390625;-96.13510131835938;-3.7510528564453125;9.295488357543945;-10.685321807861328;4.565742492675781
1445508896327;164.97955322265625;-100.16705322265625;-10.06923770904541;3.6595373153686523;-11.488576889038086;5.081693172454834
1445508896360;169.66888427734375;-79.90349578857422;-10.082924842834473;0.23942017555236816;-13.69962215423584;4.185064792633057
1445508896392;185.4989776611328;-82.94767761230469;-6.794052600860596;-4.448426723480225;-15.546749114990234;1.0570400953292847
1445508896426;194.1051483154297;-84.7265625;-4.727756023406982;-4.855441093444824;-11.225214958190918;-0.4345476031303406
1445508896459;207.96945190429688;-86.91574096679688;-1.48195481300354;-3.8055837154388428;-10.765527725219727;-0.9552865028381348
1445508896494;212.1404571533203;-85.9535903930664;-3.637985944747925;2.9724013805389404;-9.333795547485352;-0.35913026332855225
1445508896525;211.1180877685547;-83.72124481201172;-6.227747917175293;3.581725835800171;-7.4316020011901855;-0.2082955539226532
1445508896560;218.01092529296875;-97.60625457763672;-7.541466236114502;-4.897339344024658;-10.202890396118164;0.9516952037811279
1445508896593;234.85507202148438;-94.29769897460938;-3.5523083209991455;-6.728903770446777;-9.745597839355469;-1.6388310194015503
1445508896623;241.4638214111328;-93.48677825927734;-1.6152254343032837;-5.306747913360596;-10.78587818145752;-2.80361008644104
1445508896659;250.40892028808594;-94.27581024169922;0.7950699925422668;-0.9469067454338074;-10.447098731994629;-3.841496706008911
1445508896690;249.52732849121094;-95.7166976928711;-0.6400520205497742;0.8583213090896606;-9.362525939941406;-2.651578426361084
1445508896723;248.72030639648438;-96.57312774658203;-1.6246510744094849;0.5374982953071594;-8.29710578918457;-1.5514427423477173
1445508896756;249.32247924804688;-97.37222290039062;-3.1440951824188232;0.32202014327049255;-6.98508358001709;0.3663128614425659
1445508896789;250.0482635498047;-97.60496520996094;-3.877875804901123;1.1971008777618408;-7.086836814880371;0.11971008777618408
1445508896822;249.06336975097656;-101.378173828125;-7.255431652069092;3.6320040225982666;-9.62828254699707;-1.9033904075622559
1445508896855;249.2109832763672;-103.09207916259766;-9.111659049987793;0.32680854201316833;-10.979808807373047;0.6631938815116882
1445508896888;253.63034057617188;-106.37645721435547;-10.654352188110352;1.9129672050476074;-10.981005668640137;-5.579687118530273
1445508896923;258.1842956542969;-110.9068832397461;-11.60348892211914;1.3072341680526733;-9.946710586547852;-7.637503623962402
1445508896954;259.1108703613281;-114.71644592285156;-13.646590232849121;6.4080810546875;-11.385625839233398;-7.343016624450684
1445508896987;253.90589904785156;-116.90385437011719;-18.821714401245117;9.463082313537598;-12.328941345214844;-3.9157168865203857
1445508897020;250.1475372314453;-118.86863708496094;-22.130123138427734;10.459070205688477;-9.50617790222168;-4.896142482757568
1445508897054;247.07620239257812;-122.789306640625;-27.17477798461914;5.7544636726379395;-8.637083053588867;-3.9647979736328125
1445508897086;248.38661193847656;-123.68070983886719;-28.050722122192383;4.437653064727783;-7.86614990234375;-2.9484593868255615
1445508897119;257.6877746582031;-124.14599609375;-26.74615478515625;1.9381062984466553;-9.617507934570312;-2.470816135406494
1445508897152;264.4850769042969;-122.57464599609375;-24.38071060180664;2.230198860168457;-8.992621421813965;-1.0211269855499268
1445508897185;285.0611877441406;-120.05829620361328;-17.688859939575195;1.3946224451065063;-7.1670427322387695;-4.5406036376953125
1445508897217;292.35931396484375;-120.54705047607422;-15.448339462280273;0.08619125932455063;-5.4444146156311035;-4.077325344085693
1445508897252;308.7151794433594;-121.3022232055664;-10.251562118530273;-0.9756371974945068;-5.12119722366333;-0.9409212470054626
1445508897284;317.607421875;-120.51657104492188;-7.289760112762451;-0.6607996821403503;-4.954800605773926;0.4321534037590027
1445508897317;332.2529296875;-119.03141784667969;-3.094658136367798;1.5107412338256836;-4.876988887786865;-1.3443442583084106
1445508897350;336.7994384765625;-118.74188232421875;-2.34283185005188;2.322375535964966;-5.398924827575684;-2.40736985206604
1445508897383;346.66070556640625;-118.92173767089844;-0.833004891872406;-2.516305923461914;-6.9731125831604;-1.1420341730117798
1445508897416;3.189666748046875;-119.02694702148438;3.378643751144409;-2.273294448852539;-8.491036415100098;-6.810306549072266
1445508897449;9.114501953125;-120.46724700927734;4.066047668457031;0.8212111592292786;-11.856086730957031;-10.528501510620117
1445508897482;19.967681884765625;-121.44197845458984;5.390298366546631;-3.620033025741577;-6.607996463775635;-3.796006679534912
1445508897515;25.767364501953125;-121.99798583984375;6.740777015686035;-1.7764976024627686;-10.509347915649414;-10.564414978027344
1445508897548;33.66571044921875;-125.17648315429688;7.057424545288086;-3.993528366088867;-11.954249382019043;-10.169371604919434
1445508897581;35.348724365234375;-127.90984344482422;6.284943580627441;-2.677914619445801;-9.156624794006348;-10.38604736328125
1445508897613;34.53802490234375;-128.18038940429688;4.693564414978027;-1.2018892765045166;-10.787075996398926;-9.47146224975586
1445508897647;33.9691162109375;-128.2467041015625;2.8512303829193115;-0.545877993106842;-8.863334655761719;-8.196549415588379
1445508897679;33.886932373046875;-128.78265380859375;1.7928787469863892;-1.0199298858642578;-7.2783732414245605;-8.14028549194336
1445508897713;34.419830322265625;-129.75991821289062;1.0250698328018188;-2.2170307636260986;-6.368576526641846;-6.840234279632568
1445508897746;30.68426513671875;-130.003662109375;-2.3794281482696533;1.0414776802062988;-5.052962779998779;-7.092822551727295
1445508897778;28.270843505859375;-130.16554260253906;-4.086538314819336;-0.31124621629714966;-5.8622026443481445;-7.428010940551758
1445508897812;26.07666015625;-128.4871368408203;-5.87532377243042;-0.08140286058187485;-6.443994045257568;-3.9588124752044678
1445508897845;22.6693115234375;-125.85292053222656;-6.211191177368164;1.3263877630233765;-7.633912086486816;-3.8810009956359863
1445508897877;21.92901611328125;-123.83644104003906;-5.794754981994629;-0.7577648162841797;-7.554903507232666;-2.2661118507385254
1445508897915;19.080078125;-119.61750030517578;-4.726909160614014;-0.31124621629714966;-6.238092422485352;0.19033902883529663
1445508897946;10.587921142578125;-118.15687561035156;-6.539108753204346;3.5470097064971924;-6.740874767303467;-3.6583402156829834
1445508897978;5.745330810546875;-117.88692474365234;-8.28875732421875;5.759252071380615;-8.880094528198242;-4.873397350311279
1445508898009;2.426055908203125;-117.995849609375;-9.820454597473145;4.884171485900879;-11.45026969909668;-4.866214752197266
1445508898044;1.8553466796875;-117.65341186523438;-10.409052848815918;2.1128830909729004;-11.994950294494629;-3.8139634132385254
1445508898075;4.535552978515625;-117.81892395019531;-10.030086517333984;2.1152772903442383;-11.556811332702637;-4.885368347167969
1445508898111;7.136810302734375;-118.05135345458984;-9.462443351745605;0.6775590777397156;-11.404779434204102;-5.400122165679932
1445508898142;8.235870361328125;-118.07953643798828;-9.308723449707031;1.3036428689956665;-10.745177268981934;-5.020640850067139
1445508898178;9.206268310546875;-118.14981842041016;-9.80180835723877;2.0374655723571777;-9.981427192687988;-5.145139217376709
1445508898208;9.5906982421875;-118.11363220214844;-10.215103149414062;2.364274263381958;-8.439560890197754;-4.527435302734375
1445508898243;12.47821044921875;-117.71260070800781;-10.270263671875;-0.09935937076807022;-7.396886348724365;-4.003105163574219
1445508898277;19.7794189453125;-116.49089813232422;-8.757513046264648;0.9780313968658447;-6.828263282775879;-3.0550012588500977
1445508898307;22.828399658203125;-116.1291732788086;-8.446274757385254;0.910993754863739;-6.010643482208252;-2.999934673309326
1445508898339;29.341888427734375;-116.16297149658203;-7.489529609680176;-0.26336219906806946;-6.095637321472168;-3.648763418197632
1445508898373;34.1744384765625;-116.30179595947266;-6.198132038116455;-1.502361536026001;-6.168660640716553;-2.93888258934021
1445508898406;49.477935791015625;-116.052978515625;-1.25725519657135;-0.6320692300796509;-5.517437934875488;-2.655169725418091
1445508898438;53.35888671875;-116.68074798583984;0.0675455629825592;-0.5315127968788147;-6.1315507888793945;-3.8055837154388428
1445508898472;57.80255126953125;-119.27857208251953;1.179677963256836;1.965639591217041;-10.307038307189941;-8.027758598327637
1445508898505;59.905914306640625;-120.75862121582031;1.9938912391662598;-2.5761611461639404;-15.532383918762207;-10.955866813659668
1445508898538;68.0863037109375;-127.79954528808594;7.818922519683838;-2.759317398071289;-8.04810905456543;-11.150994300842285
1445508898571;67.38064575195312;-130.81910705566406;9.851244926452637;3.5242648124694824;-2.871845006942749;-7.620744228363037
1445508898604;57.5262451171875;-133.87953186035156;4.50047492980957;-1.7764976024627686;-8.742427825927734;-9.412803649902344
1445508898636;52.54986572265625;-133.24952697753906;3.3833565711975098;1.6747441291809082;-11.196484565734863;-6.841431140899658
1445508898672;45.21533203125;-132.3117218017578;-0.43092527985572815;5.08648157119751;-8.942343711853027;-7.491456985473633
1445508898703;30.14154052734375;-131.67092895507812;-9.193129539489746;1.5897499322891235;-7.715314865112305;-5.485116004943848
1445508898736;24.7294921875;-128.79132080078125;-12.236865997314453;-2.032677173614502;-7.876923561096191;-4.578910827636719
1445508898770;23.515899658203125;-126.81707763671875;-9.048943519592285;-3.647566318511963;-7.7631988525390625;-3.1759085655212402
1445508898802;21.5157470703125;-121.45572662353516;-6.928511619567871;-3.490746021270752;-9.783905029296875;-1.9584569931030273
1445508898835;20.94293212890625;-118.73102569580078;-5.598277568817139;-3.1699230670928955;-12.081141471862793;-2.0374655723571777
1445508898868;20.554473876953125;-112.97693634033203;-2.496347188949585;-0.6512228846549988;-11.682507514953613;-3.2178070545196533
1445508898900;15.411163330078125;-109.5570068359375;-1.5510900020599365;-0.031124621629714966;-9.822212219238281;-1.644816517829895
1445508898934;11.69879150390625;-108.22828674316406;-1.6753038167953491;0.29807811975479126;-10.052056312561035;0.36750996112823486
1445508898967;1.998779296875;-106.69107818603516;-3.3520607948303223;0.9852139949798584;-8.158242225646973;-4.854243755340576
1445508899000;1.573760986328125;-106.5470962524414;-0.14524580538272858;-5.292382717132568;-10.845733642578125;6.008249282836914
1445508899034;7.332855224609375;-102.6894302368164;3.6564548015594482;-2.3235726356506348;-9.443928718566895;3.8343141078948975
1445508899065;1.637603759765625;-100.03553771972656;5.233982563018799;5.535394191741943;-6.946776390075684;2.1595699787139893
1445508899100;348.2808837890625;-98.58151245117188;1.5114065408706665;10.81820011138916;-5.275623321533203;-0.5973533391952515
1445508899131;323.3283996582031;-103.38738250732422;-9.157365798950195;5.4875102043151855;-12.33372974395752;-1.413776159286499
1445508899165;329.4146423339844;-99.8133544921875;-6.6746745109558105;-2.519897222518921;-16.960525512695312;-1.824381709098816
1445508899202;330.9525146484375;-99.82393646240234;-6.030327796936035;3.2776620388031006;-9.537302017211914;-0.22505496442317963
1445508899230;330.3321228027344;-99.73548889160156;-6.826195240020752;0.13168109953403473;-14.270639419555664;-0.7864952683448792
1445508899264;341.4422912597656;-94.57320404052734;-3.5392215251922607;-0.22625206410884857;-10.876858711242676;-0.6619967818260193
1445508899297;343.28955078125;-94.00482177734375;-3.4438583850860596;0.5099649429321289;-10.266336441040039;-1.2868833541870117
1445508899330;346.0844421386719;-93.98811340332031;-3.8945279121398926;0.12210428714752197;-10.867281913757324;-1.5622166395187378
1445508899363;348.2994384765625;-93.83451080322266;-3.790053129196167;-0.4776432514190674;-9.859322547912598;-1.624465823173523
1445508899396;353.6675109863281;-93.17323303222656;-3.1690526008605957;-1.4401123523712158;-7.06528902053833;-1.313219666481018
1445508899429;356.4665832519531;-87.2624740600586;-2.725240707397461;-1.8279730081558228;-7.135918140411377;-0.9923965930938721
1445508899462;359.5280456542969;-87.63726806640625;-2.3581998348236084;-1.5047557353973389;-7.902062892913818;-1.868674397468567
1445508899495;1.57830810546875;-91.92640686035156;-1.8965610265731812;-1.680729627609253;-8.585607528686523;-0.9792284965515137
1445508899529;2.665130615234375;-91.67280578613281;-1.5832328796386719;-1.8267759084701538;-8.202534675598145;-1.1659762859344482
1445508899561;5.252685546875;-91.8108901977539;-0.3433622717857361;-1.280897855758667;-11.197681427001953;-1.1887211799621582
1445508899594;6.70672607421875;-92.40721130371094;0.36326542496681213;-0.9241618514060974;-10.406397819519043;-1.456871747970581
1445508899627;3.9598388671875;-94.4650650024414;-0.07352881133556366;0.9600749015808105;-11.070788383483887;-1.049857497215271
1445508899660;1.41961669921875;-95.23615264892578;-0.960620105266571;2.0147206783294678;-11.558009147644043;-1.643619418144226
1445508899693;358.4914245605469;-97.95379638671875;-2.24375319480896;1.6496049165725708;-11.330559730529785;-2.9963433742523193
1445508899725;357.6087646484375;-99.77498626708984;-2.7059521675109863;2.031480073928833;-11.342530250549316;-2.8371291160583496
1445508899759;354.9176940917969;-104.68685913085938;-4.571877479553223;4.314351558685303;-10.17416000366211;-2.7509377002716064
1445508899793;357.0719909667969;-109.75205993652344;-4.57902193069458;1.98958158493042;-12.688072204589844;-4.502296447753906
1445508899825;359.6382751464844;-110.99573516845703;-3.313866376876831;-0.026336219161748886;-12.810175895690918;-3.421314239501953
1445508899859;1.683074951171875;-111.00196838378906;-0.9244474172592163;0.9900023937225342;-12.018892288208008;-1.3623007535934448
1445508899891;359.9557189941406;-110.863525390625;-0.5731298327445984;1.9093759059906006;-11.621455192565918;-2.3774423599243164
1445508899926;354.1036682128906;-112.85431671142578;-0.6568952798843384;2.7533318996429443;-12.00452709197998;-4.284423828125
1445508899959;348.72467041015625;-114.87886810302734;-0.4937357008457184;0.8236053586006165;-9.198522567749023;-3.245340347290039
1445508899991;346.1092224121094;-115.96478271484375;-0.34576648473739624;0.8487445116043091;-7.8098859786987305;-3.487154722213745
1445508900023;338.23150634765625;-119.376708984375;-1.6656595468521118;0.9085995554924011;-6.514622688293457;-3.5458126068115234
1445508900056;329.7864990234375;-121.68373107910156;-4.152408599853516;1.4293384552001953;-6.1303534507751465;-2.474407434463501
1445508900089;325.7911682128906;-122.18558502197266;-5.637360095977783;1.6184803247451782;-5.9771246910095215;-2.0446481704711914
1445508900122;319.23370361328125;-122.23345184326172;-8.373820304870605;2.1344308853149414;-5.4911017417907715;-1.414973258972168
1445508900155;313.6892395019531;-121.97004699707031;-11.439919471740723;2.6599581241607666;-4.8470611572265625;-1.4460978507995605
1445508900188;312.24371337890625;-121.89901733398438;-12.653139114379883;2.1739351749420166;-4.977545261383057;-1.88782799243927
1445508900221;313.6809997558594;-121.56912994384766;-13.426836013793945;1.358709454536438;-7.044938564300537;-3.9863457679748535
1445508900254;320.0010681152344;-120.84365844726562;-11.984245300292969;-0.5147533416748047;-11.30063247680664;-7.684190273284912
1445508900287;325.24102783203125;-120.44511413574219;-9.902061462402344;-2.406172752380371;-13.023260116577148;-9.9586820602417
1445508900320;336.0754699707031;-119.6273193359375;-4.239083766937256;-3.222595453262329;-11.862071990966797;-8.981847763061523
1445508900352;342.18243408203125;-119.70281982421875;-0.33761122822761536;-1.8758569955825806;-8.9866361618042;-7.343016624450684
1445508900386;343.4375305175781;-119.9295425415039;0.879750669002533;-1.0546458959579468;-8.815450668334961;-6.956353187561035
1445508900419;340.4216613769531;-119.54265594482422;0.8940667510032654;1.0594342947006226;-8.335412979125977;-5.620388507843018
1445508900452;336.3605041503906;-119.01280975341797;-0.17106391489505768;0.9516952037811279;-6.3745622634887695;-4.447229862213135
1445508900485;326.9631042480469;-118.81045532226562;-2.695023775100708;0.690727174282074;-7.152677536010742;-3.8295257091522217
1445508900518;321.75616455078125;-117.86669158935547;-4.206134796142578;2.7952303886413574;-10.157401084899902;-3.488351821899414
1445508900551;313.14373779296875;-114.54602813720703;-6.597506999969482;1.047463297843933;-7.243657112121582;-3.663128614425659
1445508900584;314.8519592285156;-111.14212036132812;-4.468181610107422;-0.3758896589279175;-12.38759994506836;-3.8546648025512695
1445508900617;309.4491882324219;-112.65560913085938;-5.941030025482178;2.205059766769409;-8.543708801269531;-3.5218706130981445
1445508900650;307.4825439453125;-113.0620346069336;-6.92270565032959;2.6827030181884766;-7.0988078117370605;0.019153613597154617
1445508900682;303.82379150390625;-110.522216796875;-8.365105628967285;2.919728994369507;-10.51054573059082;-1.357512354850769
1445508900716;305.143798828125;-109.98966979980469;-8.2604398727417;0.8403648138046265;-9.10993766784668;-2.2218191623687744
1445508900749;305.5761413574219;-110.08918762207031;-8.347183227539062;-0.40940847992897034;-8.042123794555664;-0.14245499670505524
1445508900782;309.8792724609375;-107.46965026855469;-5.9640889167785645;-0.46806642413139343;-8.487444877624512;-0.9217676520347595
1445508900815;310.40362548828125;-107.6058349609375;-5.967203140258789;2.492363929748535;-10.649409294128418;-3.757699489593506
1445508900848;312.38897705078125;-107.16865539550781;-5.5004963874816895;0.6572083830833435;-11.676521301269531;0.13766659796237946
1445508900881;317.0623779296875;-103.17176055908203;-4.2212018966674805;0.7254431247711182;-11.382035255432129;0.8415619134902954
1445508900915;318.46929931640625;-99.89763641357422;-4.575770854949951;2.431311845779419;-11.495759010314941;-0.2585737705230713
1445508900947;321.14825439453125;-97.26773834228516;-4.802328109741211;-0.08140286058187485;-10.690110206604004;0.5566518902778625
1445508900981;325.2153015136719;-95.2034912109375;-3.815598249435425;-1.0989385843276978;-10.743980407714844;0.35913026332855225
1445508901013;331.8926696777344;-92.82486724853516;-2.60147762298584;0.16160862147808075;-8.71728801727295;-1.0761936902999878
1445508901046;333.1651611328125;-93.08267211914062;-3.067924737930298;1.5059528350830078;-8.426392555236816;-0.9516952037811279
1445508901078;337.57122802734375;-86.10443878173828;-3.6239020824432373;-0.0011971008498221636;-8.276755332946777;-0.4752490520477295
1445508901112;341.7885437011719;-85.84970092773438;-3.5022430419921875;0.09935937076807022;-10.256759643554688;-1.2653355598449707
1445508901146;343.6657409667969;-85.90074157714844;-3.451084852218628;-0.0586579404771328;-11.073183059692383;-1.5658079385757446
1445508901180;347.3558044433594;-86.50285339355469;-3.16586971282959;0.07182604819536209;-10.004171371459961;-1.501164436340332
1445508901212;348.5473327636719;-86.6180648803711;-3.2504138946533203;0.4345476031303406;-10.347740173339844;-1.161187767982483
1445508901244;351.69525146484375;-86.64292907714844;-3.2835676670074463;0.790086567401886;-9.816226959228516;0.1388636976480484
1445508901276;354.78607177734375;-86.70610046386719;-3.2753303050994873;-0.15562310814857483;-9.770736694335938;-0.05027823522686958
1445508901310;356.8263854980469;-87.06748962402344;-2.930269241333008;-0.45848962664604187;-10.69370174407959;-0.6165069341659546
1445508901344;1.196075439453125;-92.31612396240234;-2.29592227935791;-0.16879121959209442;-10.012551307678223;-0.4752490520477295
1445508901376;3.28558349609375;-92.0308609008789;-1.9916236400604248;-1.1743559837341309;-9.943120002746582;0.23702596127986908
1445508901409;8.10498046875;-88.79066467285156;-1.0830581188201904;-1.3419500589370728;-10.688913345336914;1.1025298833847046
1445508901444;11.413543701171875;-88.48987579345703;-0.5376265048980713;-0.061052143573760986;-10.618284225463867;0.040701430290937424
1445508901474;13.649566650390625;-88.53994750976562;-0.8796960115432739;-0.02513911761343479;-10.806229591369629;-0.5542576909065247
1445508901510;15.191253662109375;-88.28548431396484;-1.6098296642303467;0.18076223134994507;-9.798270225524902;-0.7996633648872375
1445508901541;14.58880615234375;-87.36834716796875;-2.59981107711792;0.8403648138046265;-9.48462963104248;-0.4010287821292877
1445508901577;13.871307373046875;-85.63658905029297;-4.358229160308838;0.7936778664588928;-8.953117370605469;0.06464344263076782
1445508901607;14.828765869140625;-95.3111343383789;-5.276179313659668;0.2693476974964142;-9.999382972717285;-0.43933600187301636
1445508901640;15.844696044921875;-95.5525894165039;-5.415884017944336;0.15322890877723694;-10.76193618774414;-0.6189011335372925
1445508901673;15.816314697265625;-97.0072021484375;-6.501884460449219;1.7118542194366455;-11.305420875549316;-0.6524199843406677
1445508901705;13.5328369140625;-99.8935775756836;-8.926506042480469;3.6355953216552734;-9.80904483795166;-1.1300631761550903
1445508901739;13.00445556640625;-101.49735260009766;-10.151432037353516;3.9683892726898193;-9.05606746673584;-1.5933412313461304
1445508901772;15.060638427734375;-103.97606658935547;-11.343559265136719;2.5067291259765625;-8.238448143005371;-1.294066071510315
1445508901805;17.4908447265625;-104.38355255126953;-11.096620559692383;1.9764134883880615;-8.956708908081055;-0.49559974670410156
1445508901838;21.7879638671875;-105.18707275390625;-10.512994766235352;2.6599581241607666;-11.022904396057129;-1.0534487962722778
1445508901871;23.14434814453125;-105.5577621459961;-10.236522674560547;2.7114334106445312;-11.5065336227417;-1.578976035118103
1445508901904;25.50457763671875;-107.0067138671875;-9.784746170043945;2.2888567447662354;-9.90241813659668;-3.2118215560913086
1445508901938;27.219451904296875;-107.73595428466797;-9.168116569519043;1.7537527084350586;-10.125079154968262;-3.531447410583496
1445508901970;34.15081787109375;-107.015625;-5.987147331237793;1.7501614093780518;-10.382455825805664;-1.657984733581543
1445508902003;35.24481201171875;-106.18035888671875;-5.544796943664551;2.5330653190612793;-10.006566047668457;-1.5969325304031372
1445508902037;34.01629638671875;-105.0811538696289;-5.764101028442383;2.451662540435791;-8.524555206298828;-1.294066071510315
1445508902069;32.6939697265625;-104.97702026367188;-6.209388256072998;2.27209734916687;-7.564480304718018;-1.8171991109848022
1445508902103;31.30657958984375;-105.44160461425781;-7.107817649841309;0.889445960521698;-9.362525939941406;-3.689464807510376
1445508902135;31.04779052734375;-105.9576187133789;-7.554553031921387;0.8224082589149475;-10.60391902923584;-4.660313606262207
1445508902168;30.88311767578125;-107.59526062011719;-8.308947563171387;1.0450690984725952;-10.08198356628418;-4.6040496826171875
1445508902202;33.938690185546875;-108.89027404785156;-8.207833290100098;0.9205705523490906;-8.404845237731934;-1.677138328552246
1445508902234;36.78369140625;-109.26022338867188;-7.946414470672607;0.9085995554924011;-8.183381080627441;-2.2661118507385254
1445508902267;43.607025146484375;-111.83291625976562;-7.7567949295043945;0.8236053586006165;-6.2392897605896;-1.5514427423477173
1445508902300;43.572998046875;-112.89707946777344;-8.566459655761719;1.5442601442337036;-6.141127586364746;-1.5502456426620483
1445508902332;39.885894775390625;-115.52464294433594;-11.656505584716797;2.428917646408081;-8.565256118774414;-3.246537446975708
1445508902365;37.605987548828125;-116.42864990234375;-13.163053512573242;2.1942858695983887;-10.442310333251953;-3.5877113342285156
1445508902398;34.0506591796875;-117.51724243164062;-15.742446899414062;3.3255462646484375;-11.560402870178223;-4.376600742340088
1445508902431;29.615447998046875;-118.03270721435547;-18.700191497802734;5.4013190269470215;-12.090718269348145;-3.205836057662964
1445508902467;27.197174072265625;-118.35242462158203;-20.252666473388672;4.921281814575195;-11.965023040771484;-3.471592426300049
1445508902498;24.325927734375;-119.00592803955078;-22.67208480834961;4.578910827636719;-10.375272750854492;-3.3063924312591553
1445508902531;23.62646484375;-119.21314239501953;-23.667940139770508;3.9013516902923584;-8.877699851989746;-1.9608511924743652
1445508902564;23.80072021484375;-119.6949691772461;-25.44242286682129;3.863044500350952;-6.995857238769531;-2.188300371170044
1445508902597;26.784576416015625;-120.19454193115234;-26.24457359313965;2.541445016860962;-5.428852558135986;-3.227383852005005
1445508902630;29.098388671875;-120.03833770751953;-26.029722213745117;1.7357962131500244;-5.203797340393066;-2.87064790725708
1445508902663;34.8028564453125;-118.22798156738281;-24.23749542236328;0.3866635859012604;-6.0202202796936035;-2.9676129817962646
1445508902696;41.32647705078125;-115.58863067626953;-21.308231353759766;1.5406688451766968;-9.622296333312988;-4.906916618347168
1445508902729;44.354888916015625;-114.82051849365234;-20.029251098632812;3.0573954582214355;-11.78904914855957;-6.22731876373291
1445508902762;47.48828125;-113.79784393310547;-18.332195281982422;4.981136798858643;-12.527660369873047;-5.546168327331543
1445508902795;48.965240478515625;-113.47066497802734;-17.51455307006836;3.341108560562134;-9.258378028869629;-2.9281086921691895
1445508902827;48.7366943359375;-113.36822509765625;-17.373851776123047;4.02345609664917;-8.38688850402832;-3.0825347900390625
1445508902861;42.701324462890625;-114.1456069946289;-18.886247634887695;5.442020416259766;-7.1490864753723145;-1.8483237028121948
1445508902894;40.048370361328125;-114.85497283935547;-20.074453353881836;6.464344501495361;-8.99740982055664;-2.369062662124634
1445508902928;38.0247802734375;-115.90478515625;-21.841970443725586;4.704606533050537;-11.505335807800293;-3.6619315147399902
1445508902959;42.045440673828125;-114.5301284790039;-20.092348098754883;0.8942343592643738;-8.823830604553223;3.003525972366333
1445508902994;44.1185302734375;-112.80282592773438;-18.832534790039062;1.1851298809051514;-6.916848659515381;1.1216834783554077
1445508903026;46.61065673828125;-109.8983154296875;-16.559720993041992;-0.4572925269603729;-11.05642318725586;3.1459810733795166
1445508903060;53.0089111328125;-105.67857360839844;-13.278825759887695;0.5063736438751221;-10.593145370483398;0.9241618514060974
1445508903092;57.1143798828125;-103.83804321289062;-11.544927597045898;0.4752490520477295;-10.676942825317383;0.0011971008498221636
1445508903126;66.251953125;-100.23198699951172;-8.03130054473877;-0.8355764150619507;-9.536105155944824;0.031124621629714966
1445508903160;74.62762451171875;-96.44934844970703;-4.92897367477417;0.2908954918384552;-9.78989028930664;-0.11851298063993454
1445508903190;76.69064331054688;-95.37938690185547;-4.493385314941406;1.8519150018692017;-9.817423820495605;-0.5422866940498352
1445508903228;78.2418212890625;-95.16925811767578;-5.027738094329834;2.1332337856292725;-9.551667213439941;-0.8164227604866028
1445508903257;79.39273071289062;-95.30355834960938;-5.283938407897949;2.385822057723999;-9.90241813659668;-0.5841852426528931
1445508903290;82.07614135742188;-83.9174575805664;-6.08133602142334;2.537853717803955;-10.251971244812012;-1.599326729774475
1445508903323;87.73150634765625;-95.96729278564453;-5.860625267028809;1.7417817115783691;-10.498574256896973;-1.6531962156295776
1445508903356;96.66494750976562;-94.85623168945312;-3.925236225128174;0.8667010068893433;-11.137825965881348;-0.20350714027881622
1445508903389;100.68093872070312;-94.62677001953125;-3.1238231658935547;1.0546458959579468;-9.421183586120605;-0.33518823981285095
1445508903421;109.35980224609375;-95.15335083007812;-0.6640533208847046;-3.575740337371826;-6.114790916442871;2.589329242706299
1445508903456;122.48323059082031;-96.42790985107422;2.5009918212890625;-1.2030863761901855;-12.194866180419922;0.002394201699644327
1445508903488;127.52284240722656;-97.03266143798828;3.7227485179901123;-2.6827030181884766;-11.893197059631348;0.5351040959358215
1445508903520;137.95867919921875;-98.48609924316406;6.690957546234131;-2.387019157409668;-12.613851547241211;-1.5969325304031372
1445508903554;139.9470672607422;-98.50904846191406;6.824760913848877;-0.8403648138046265;-12.538434028625488;-2.188300371170044
1445508903587;143.1387481689453;-97.56910705566406;6.3773016929626465;-1.9584569931030273;-11.061211585998535;-0.7457938194274902
1445508903620;144.95127868652344;-96.97827911376953;6.348519325256348;-1.9105730056762695;-10.398017883300781;-0.19033902883529663
1445508903653;146.35244750976562;-85.17723846435547;4.787807464599609;0.3196259140968323;-9.743204116821289;-1.2222399711608887
1445508903686;144.54397583007812;-86.4366226196289;3.3298215866088867;1.313219666481018;-9.35893440246582;-1.2210428714752197
1445508903721;142.94003295898438;-86.9901351928711;0.49316197633743286;1.047463297843933;-8.955511093139648;-1.1420341730117798
1445508903753;144.25917053222656;-85.85442352294922;-1.0857082605361938;-1.3192051649093628;-6.221333026885986;0.16519992053508759
1445508903785;146.27920532226562;-85.17366790771484;-1.0562564134597778;-1.2114660739898682;-5.227739334106445;-0.4465186297893524
1445508903817;151.5199737548828;-83.45665740966797;-0.34688663482666016;-0.4596867263317108;-5.442020416259766;1.3180080652236938
1445508903851;155.46543884277344;-82.58015441894531;-0.5656166076660156;-0.2944868206977844;-7.916428089141846;0.7721300721168518
1445508903884;157.9065399169922;-82.15202331542969;-0.022152123972773552;-0.9253589510917664;-9.733627319335938;0.24779987335205078
1445508903917;163.52561950683594;-81.06741333007812;2.3227784633636475;-3.975571870803833;-13.778631210327148;1.1779472827911377
1445508903950;164.93222045898438;-81.5071029663086;2.7595555782318115;-0.8846575021743774;-14.077905654907227;-0.7386112213134766
1445508903983;164.07351684570312;-84.20711517333984;2.0706214904785156;-0.6141127347946167;-15.142128944396973;-0.9301473498344421
1445508904016;164.67913818359375;-84.66343688964844;2.7112386226654053;-2.583343744277954;-16.49245834350586;-0.4884171485900879
1445508904049;165.6176300048828;-84.8170394897461;3.360229730606079;-1.9955670833587646;-15.412672996520996;0.5770025849342346
1445508904083;167.1106719970703;-85.2180404663086;4.134253978729248;0.8176198601722717;-13.411120414733887;-0.790086567401886
1445508904116;165.7850341796875;-93.53118896484375;2.7563862800598145;4.021061897277832;-10.947486877441406;0.2992752194404602
1445508904148;160.49742126464844;-94.7358169555664;0.349126935005188;4.6040496826171875;-10.437521934509277;0.7817068696022034
1445508904181;151.44912719726562;-101.42447662353516;-3.9037623405456543;-1.092953085899353;-13.385981559753418;-0.871489405632019
1445508904214;152.06298828125;-104.43984985351562;-3.8159942626953125;-3.6966474056243896;-15.120580673217773;-1.799242615699768
1445508904247;160.75369262695312;-109.2062759399414;0.9824357628822327;-5.419275760650635;-13.752294540405273;-3.178302764892578
1445508904280;162.1096649169922;-114.56639862060547;5.178329944610596;-2.7497406005859375;-8.22767448425293;-4.121618270874023
1445508904313;159.28443908691406;-117.35569763183594;6.109899520874023;-2.1128830909729004;-5.761646270751953;-1.9955670833587646
1445508904346;154.059814453125;-118.72052001953125;7.632130146026611;-2.1559786796569824;-7.156269073486328;4.298789024353027
1445508904379;144.83758544921875;-116.47636413574219;6.276856899261475;1.4520833492279053;-5.720944881439209;2.5773582458496094
1445508904412;138.86399841308594;-116.21862030029297;5.13814115524292;1.482010841369629;-3.5948939323425293;1.3455413579940796
1445508904445;129.84634399414062;-117.46598815917969;4.636423110961914;-1.1204863786697388;-2.1368250846862793;-0.22026655077934265
1445508904478;125.23402404785156;-118.46968841552734;4.34313440322876;0.4836287498474121;-4.808753967285156;-2.33913516998291
1445508904512;110.79862976074219;-119.3624038696289;0.4856897294521332;4.144362926483154;-11.386823654174805;-1.8698714971542358
1445508904544;91.486572265625;-117.20756530761719;-6.000889778137207;8.20732307434082;-11.835736274719238;0.3208230137825012
1445508904577;75.8092041015625;-116.21825408935547;-11.54834270477295;8.02536392211914;-17.602170944213867;-5.273229122161865
1445508904610;72.83740234375;-117.9476318359375;-12.097461700439453;2.163161277770996;-20.640413284301758;-9.26795482635498
1445508904643;71.33242797851562;-120.12120056152344;-13.733141899108887;5.965153694152832;-15.375563621520996;-9.08838939666748
1445508904676;68.58551025390625;-125.2869644165039;-17.981122970581055;3.3901896476745605;-13.099874496459961;-7.4555439949035645
1445508904708;69.14004516601562;-127.15180206298828;-19.23353385925293;3.466804027557373;-11.036072731018066;-5.989095687866211
1445508904746;72.0147705078125;-131.9932861328125;-27.215293884277344;2.477998733520508;-4.711789131164551;-3.9384617805480957
1445508904775;75.23336791992188;-134.38624572753906;-26.045883178710938;1.016338586807251;-3.4775779247283936;-1.193509578704834
1445508904810;82.36602783203125;-138.0929412841797;-23.962963104248047;0.16519992053508759;-3.0573954582214355;-1.070208191871643
1445508904840;87.83038330078125;-139.76345825195312;-21.607421875;-1.4472949504852295;-4.449624061584473;-2.298433542251587
1445508904875;106.83474731445312;-143.71951293945312;-13.577154159545898;-0.8415619134902954;-2.7521347999572754;-3.49314022064209
1445508904906;115.03909301757812;-145.45216369628906;-10.593618392944336;0.1951274424791336;-1.4472949504852295;-4.95120906829834
1445508904940;137.72756958007812;-152.0131378173828;-1.5230178833007812;-6.0010666847229;4.307168960571289;-8.957905769348145
1445508904977;152.0009002685547;-155.54969787597656;3.543360710144043;-4.888959884643555;-2.8574798107147217;-10.29746150970459
1445508905007;155.44271850585938;-156.18089294433594;4.702579975128174;-3.251325845718384;-4.289212226867676;-14.70638370513916
1445508905038;154.2197265625;-160.30740356445312;4.53840970993042;-3.0166940689086914;-1.5885528326034546;-14.862007141113281
1445508905073;193.80787658691406;-162.956298828125;4.096837997436523;-2.074575662612915;-0.8607155084609985;-13.657723426818848
1445508905104;227.36471557617188;-165.78729248046875;0.5847138166427612;0.9852139949798584;-5.471948146820068;-14.76384449005127
1445508905138;47.281646728515625;-165.51705932617188;-1.536637306213379;0.6727706789970398;-5.702988624572754;-13.409923553466797
1445508905170;46.43927001953125;-165.02268981933594;-6.109722137451172;1.212663173675537;-2.560598611831665;-9.835380554199219
1445508905204;81.89321899414062;-161.9884490966797;-9.197404861450195;0.7158663272857666;-3.487154722213745;-6.884527206420898
1445508905238;85.17233276367188;-156.1209259033203;-12.451662063598633;0.24899697303771973;-2.6240451335906982;-1.6627731323242188
1445508905269;79.09490966796875;-152.5005340576172;-13.701081275939941;-1.2437877655029297;-2.450465440750122;-1.413776159286499
1445508905303;72.85150146484375;-143.39947509765625;-14.108802795410156;-1.6627731323242188;-5.722142219543457;-1.0295066833496094
1445508905336;70.41213989257812;-137.7689971923828;-14.405696868896484;-1.416170358657837;-6.920440196990967;2.7557260990142822
1445508905368;62.07635498046875;-123.43464660644531;-11.835551261901855;0.750582218170166;-7.961917877197266;0.8248024582862854
1445508905402;55.34088134765625;-109.3449935913086;-8.296831130981445;1.280897855758667;-8.78193187713623;3.2573113441467285
1445508905435;53.9112548828125;-102.71365356445312;-6.581551551818848;2.299630641937256;-9.582792282104492;2.542642116546631
1445508905468;54.5439453125;-93.1015396118164;-3.094125509262085;5.851428985595703;-18.13966941833496;-2.5713725090026855
1445508905501;48.47430419921875;-85.26545715332031;-4.731690406799316;13.014880180358887;-19.89461898803711;-9.66539192199707
1445508905534;37.790252685546875;-96.8801040649414;-6.873214244842529;4.20421838760376;-13.413515090942383;-5.127182960510254
1445508905567;35.44085693359375;-97.4161605834961;-6.3294358253479;-3.9647979736328125;-15.169661521911621;-1.1683704853057861
1445508905600;36.934326171875;-96.44844055175781;-4.588953018188477;-0.7733271718025208;-14.299369812011719;-1.1767501831054688
1445508905633;35.005218505859375;-95.85848999023438;-3.535970449447632;3.1699230670928955;-10.587160110473633;-1.3311761617660522
1445508905665;33.6920166015625;-95.60933685302734;-3.1683285236358643;-2.2254104614257812;-13.362039566040039;-0.4692635238170624
1445508905700;36.5184326171875;-94.28550720214844;-1.461259365081787;-1.4520833492279053;-12.509703636169434;0.3363853394985199
1445508905732;37.7864990234375;-92.62786102294922;-0.2462642937898636;0.43335050344467163;-11.8441162109375;1.2234370708465576
1445508905765;39.145782470703125;-91.05220031738281;0.12183191627264023;0.46088382601737976;-10.60272216796875;0.3256114423274994
1445508905799;41.21319580078125;-90.8888931274414;0.4123471677303314;0.7457938194274902;-10.299856185913086;-2.2828712463378906
1445508905830;46.829986572265625;-93.45994567871094;1.1989390850067139;1.3634978532791138;-8.10317611694336;-0.3100491166114807
1445508905864;50.377685546875;-94.4360122680664;0.3393324315547943;0.2454056739807129;-5.386953830718994;-3.2142157554626465
1445508905896;54.307830810546875;-97.12513732910156;0.7788551449775696;-3.226186752319336;-5.578489780426025;0.6931213736534119
1445508905930;71.82379150390625;-98.19591522216797;5.284607887268066;-3.8774096965789795;-5.5545477867126465;-0.7122750282287598
1445508905963;78.92718505859375;-100.13423919677734;7.453466415405273;-2.6192567348480225;-8.08162784576416;-3.003525972366333
1445508905996;81.83340454101562;-102.27242279052734;7.14971399307251;4.9799394607543945;-16.73187828063965;-12.569559097290039
1445508906030;76.957763671875;-107.8516616821289;4.006897926330566;-0.44771572947502136;-3.1268274784088135;-1.4867992401123047
1445508906061;82.75442504882812;-111.7603759765625;6.887380123138428;-6.361393928527832;-0.24899697303771973;-5.531803131103516
1445508906094;89.30947875976562;-117.32836151123047;12.004762649536133;-6.742072105407715;-12.831724166870117;-5.12119722366333
1445508906128;88.43313598632812;-117.38416290283203;12.422701835632324;-4.065354347229004;-12.607866287231445;-3.509899616241455
1445508906161;79.19729614257812;-118.10143280029297;10.326626777648926;-0.8379706144332886;-11.476605415344238;-4.2509050369262695
1445508906194;73.915771484375;-117.30342864990234;8.656890869140625;0.6500257849693298;-11.70046329498291;-3.754108190536499
1445508906228;63.891571044921875;-116.85340118408203;5.9976115226745605;-0.9696516990661621;-12.224793434143066;-6.127959251403809
1445508906260;57.420745849609375;-114.85935974121094;5.453709602355957;-1.236605167388916;-11.648988723754883;-3.6954503059387207
1445508906292;52.827423095703125;-113.74976348876953;4.684124946594238;-0.6165069341659546;-10.442310333251953;-4.072536945343018
1445508906327;46.57757568359375;-114.00251007080078;5.220827579498291;-4.140771865844727;-9.251194953918457;-4.9368438720703125
1445508906359;47.021453857421875;-113.994140625;7.492862701416016;-5.724536418914795;-8.236053466796875;-0.27892449498176575
1445508906394;45.95098876953125;-112.19686889648438;10.956151008605957;-1.8375498056411743;-7.022193431854248;1.194706678390503
1445508906426;39.20782470703125;-109.90018463134766;12.070673942565918;-1.482010841369629;-7.032967567443848;3.2848446369171143
1445508906460;26.94091796875;-107.29596710205078;9.89106559753418;2.4672248363494873;-6.14831018447876;0.39384618401527405
1445508906492;20.2308349609375;-106.23749542236328;8.094507217407227;3.2992098331451416;-6.18182897567749;-0.6871358752250671
1445508906524;10.734375;-102.78695678710938;5.014624118804932;2.4636335372924805;-9.795876502990723;0.11611878126859665
1445508906560;1.190277099609375;-102.91233825683594;1.7814040184020996;1.3766659498214722;-9.90241813659668;-3.248931646347046
1445508906596;2.13165283203125;-103.5919418334961;2.5287086963653564;-2.5067291259765625;-9.503783226013184;-2.013523578643799
1445508906623;8.392181396484375;-106.45748901367188;6.40197229385376;-5.960365295410156;-12.653355598449707;-3.6104562282562256
1445508906659;11.6923828125;-108.2755355834961;9.894643783569336;0.14484919607639313;-13.64216136932373;-2.5953147411346436
1445508906689;6.620819091796875;-107.41189575195312;7.986166477203369;3.97916316986084;-11.420342445373535;-2.7293899059295654
1445508906722;355.7483825683594;-105.40385437011719;3.0999720096588135;2.0410568714141846;-12.057199478149414;-1.3000515699386597
1445508906754;352.3157958984375;-104.28802490234375;1.4108115434646606;1.5298948287963867;-11.182119369506836;-1.7106571197509766
1445508906788;350.6254577636719;-102.0796890258789;0.1278151571750641;-0.9301473498344421;-9.132682800292969;-1.1899182796478271
1445508906822;351.78167724609375;-100.81803131103516;0.2372211217880249;-1.8471266031265259;-7.923610687255859;-2.0254945755004883
1445508906854;358.3447570800781;-99.49063110351562;2.183183193206787;-2.625242233276367;-7.47110652923584;-3.3901896476745605
1445508906888;0.115936279296875;-100.0681381225586;2.817434549331665;-2.0805611610412598;-8.012195587158203;-4.746504783630371
1445508906920;1.813568115234375;-103.49725341796875;3.6619462966918945;-1.9560627937316895;-8.124723434448242;-6.606799602508545
1445508906952;3.62506103515625;-107.5057373046875;5.598865032196045;-3.049015760421753;-7.375338554382324;-5.451597213745117
1445508906987;4.287933349609375;-108.2814712524414;6.829501152038574;-3.561375141143799;-7.711723804473877;-2.651578426361084
1445508907019;2.36065673828125;-109.79676055908203;7.845847129821777;-1.6041151285171509;-9.75637149810791;-4.373009204864502
1445508907052;358.3309631347656;-109.35902404785156;7.482972621917725;-1.5885528326034546;-11.347318649291992;-1.138442873954773
1445508907085;355.468017578125;-108.47976684570312;6.714385032653809;-0.4596867263317108;-10.757147789001465;-0.8607155084609985
1445508907118;351.458984375;-105.83460998535156;5.859218120574951;-1.7549498081207275;-12.239158630371094;-0.16519992053508759
1445508907151;349.1380920410156;-104.12665557861328;5.21000862121582;0.017956512048840523;-11.35929012298584;0.33997663855552673
1445508907184;342.935791015625;-100.07878112792969;2.9176881313323975;0.7230489253997803;-10.6925048828125;0.9516952037811279
1445508907217;341.54437255859375;-98.15646362304688;2.3348543643951416;0.06224924325942993;-10.765527725219727;0.7565677165985107
1445508907250;341.7078857421875;-94.87773132324219;2.1427483558654785;-0.706289529800415;-9.805453300476074;0.6224924325942993
1445508907283;343.34466552734375;-93.25269317626953;2.1600425243377686;-0.2777273952960968;-9.467870712280273;-1.0007762908935547
1445508907316;344.2581481933594;-93.2816390991211;2.0801565647125244;-0.3866635859012604;-9.26675796508789;-2.321178436279297
1445508907350;349.8666687011719;-94.90779876708984;3.196660280227661;-2.3080103397369385;-8.864531517028809;-0.48482584953308105
1445508907382;2.0257568359375;-98.98896026611328;7.189424991607666;-3.7481226921081543;-5.710171222686768;0.3519476354122162
1445508907415;9.43475341796875;-101.51346588134766;10.060754776000977;-2.7257986068725586;-6.562506675720215;-0.1975216418504715
1445508907448;20.571868896484375;-105.22852325439453;13.721817970275879;-1.4915876388549805;-8.832210540771484;-1.941697597503662
1445508907480;25.1351318359375;-106.747314453125;14.996331214904785;-0.5997475385665894;-7.751227855682373;-3.045424461364746
1445508907514;34.16607666015625;-109.37279510498047;17.03701400756836;-3.9612066745758057;-12.324152946472168;-3.163937568664551
1445508907547;43.1766357421875;-111.65762329101562;19.291358947753906;-3.47039532661438;-11.384428977966309;-3.3435027599334717
1445508907580;46.0325927734375;-112.17903137207031;19.670448303222656;-3.0346505641937256;-11.153388977050781;-3.397372245788574
1445508907614;49.59368896484375;-112.18358612060547;19.397212982177734;-3.1699230670928955;-13.475764274597168;-2.6144683361053467
1445508907645;49.2515869140625;-109.43705749511719;16.843555450439453;-1.01753568649292;-13.159729957580566;-1.725022315979004
1445508907679;47.1221923828125;-107.69544982910156;14.771358489990234;-0.2082955539226532;-13.184868812561035;-2.8622682094573975
1445508907712;40.8685302734375;-104.5299301147461;9.322028160095215;0.011971008032560349;-11.660959243774414;-3.5278561115264893
1445508907745;38.61981201171875;-105.1551284790039;5.986573696136475;-3.183091163635254;-7.787140846252441;-3.8810009956359863
1445508907778;39.2589111328125;-105.98394775390625;5.531218528747559;-1.8495208024978638;-4.747702121734619;-3.4117374420166016
1445508907811;31.086700439453125;-105.7581787109375;0.6953219175338745;-0.6847416758537292;-2.6192567348480225;0.6512228846549988
1445508907843;29.7760009765625;-105.36175537109375;-0.08901967853307724;-1.8136078119277954;-4.387374401092529;-1.1324573755264282
1445508907878;32.487091064453125;-104.2015609741211;1.7505041360855103;-4.32871675491333;-10.406397819519043;-0.1041477769613266
1445508907910;33.451263427734375;-102.88158416748047;2.872321844100952;-2.716221809387207;-7.442376136779785;-0.9493009448051453
1445508907944;24.046234130859375;-101.26158905029297;0.27414512634277344;4.384980201721191;-9.684545516967773;0.42377370595932007
1445508907976;13.567596435546875;-100.81588745117188;-4.0217604637146;8.088809967041016;-15.896302223205566;-0.828393816947937
1445508908010;4.253021240234375;-102.20990753173828;-8.640033721923828;-0.8212111592292786;-13.42668342590332;1.6388310194015503
1445508908042;8.0947265625;-100.74861907958984;-7.426418781280518;-3.6822822093963623;-14.258667945861816;0.028730420395731926
1445508908077;19.039154052734375;-96.28724670410156;-2.7374939918518066;-0.7589619159698486;-13.053187370300293;1.2749123573303223
1445508908110;20.81396484375;-94.11817932128906;-3.726259231567383;0.7314286231994629;-14.2431058883667;0.6476315855979919
1445508908143;20.773895263671875;-94.92211151123047;-4.817668914794922;1.9285295009613037;-13.51766300201416;-0.4776432514190674
1445508908174;22.553863525390625;-96.69034576416016;-6.667994499206543;0.7721300721168518;-10.620678901672363;-0.7841010689735413
1445508908206;24.661834716796875;-97.26242065429688;-7.215188026428223;0.11611878126859665;-9.008183479309082;-1.4077905416488647
1445508908239;29.530975341796875;-98.18119812011719;-8.056503295898438;0.3663128614425659;-6.3266777992248535;0.2849099934101105
1445508908273;30.708740234375;-99.33325958251953;-9.12760066986084;0.7158663272857666;-4.999093055725098;0.6224924325942993
1445508908306;33.849945068359375;-101.44493865966797;-10.718502044677734;-0.8810662031173706;-6.14950704574585;-0.42377370595932007
1445508908339;39.78424072265625;-102.84577941894531;-10.415992736816406;1.5322890281677246;-8.90762710571289;-1.7968484163284302
1445508908372;40.67169189453125;-105.08695220947266;-11.61004638671875;4.630385875701904;-9.364919662475586;-2.319981336593628
1445508908405;45.548431396484375;-109.53413391113281;-13.304261207580566;1.1516109704971313;-7.787140846252441;-3.641580820083618
1445508908438;50.0721435546875;-111.1669921875;-13.225631713867188;0.9696516990661621;-8.1139497756958;-3.690661907196045
1445508908471;55.414093017578125;-114.69529724121094;-13.971748352050781;3.927687883377075;-11.332953453063965;-6.027402877807617
1445508908504;59.4991455078125;-119.81909942626953;-15.299126625061035;2.9891607761383057;-8.459911346435547;-10.506954193115234
1445508908537;62.45928955078125;-122.84445190429688;-15.1620454788208;3.7193922996520996;-7.7631988525390625;-10.979808807373047
1445508908570;63.637603759765625;-127.78282928466797;-16.67890739440918;6.4415998458862305;-10.643424034118652;-9.41519832611084
1445508908603;58.7786865234375;-130.9555206298828;-26.059667587280273;6.817489147186279;-11.780669212341309;-8.112752914428711
1445508908636;53.025115966796875;-135.06504821777344;-29.73370933532715;5.596446514129639;-7.559691905975342;-6.961141586303711
1445508908669;51.942291259765625;-138.5932159423828;-30.442888259887695;3.9588124752044678;-5.0014872550964355;-6.150704383850098
1445508908702;52.553070068359375;-139.664794921875;-30.30095672607422;2.8407204151153564;-4.696226596832275;-5.567716121673584
1445508908735;54.750946044921875;-140.85797119140625;-29.743244171142578;2.117671489715576;-4.356249809265137;-6.347028732299805
1445508908768;58.0855712890625;-140.50680541992188;-28.237199783325195;1.4269442558288574;-4.746504783630371;-6.384139060974121
1445508908802;63.79473876953125;-140.9232177734375;-25.47426414489746;4.0569748878479;-3.797203779220581;-7.879317760467529
1445508908833;71.4776611328125;-141.58221435546875;-19.67852210998535;-1.6388310194015503;-5.614402770996094;-9.068038940429688
1445508908868;78.1556396484375;-141.62789916992188;-14.600835800170898;-2.851494312286377;-6.345831394195557;-9.264363288879395
1445508908899;87.75936889648438;-142.60279846191406;-6.157861232757568;-4.353855609893799;-7.010222434997559;-5.568912982940674
1445508908933;89.80218505859375;-141.91697692871094;-3.3216936588287354;-4.557363033294678;-7.372944355010986;-1.780089020729065
1445508908966;80.32464599609375;-140.02523803710938;-5.44108772277832;5.51624059677124;-4.978742599487305;-2.8119897842407227
1445508908999;64.68899536132812;-138.4373016357422;-13.513975143432617;5.2480902671813965;-7.662642478942871;-4.9152960777282715
1445508909032;60.8829345703125;-137.97145080566406;-15.544317245483398;3.314772367477417;-8.6897554397583;-5.38096809387207
1445508909065;57.728240966796875;-137.57701110839844;-17.711044311523438;3.9887399673461914;-8.760383605957031;-5.498284339904785
1445508909098;56.903961181640625;-137.72450256347656;-18.74083137512207;3.6308069229125977;-9.399636268615723;-7.378929615020752
1445508909132;57.35760498046875;-138.2119903564453;-19.671363830566406;2.6156654357910156;-8.435969352722168;-8.87171459197998
1445508909164;58.31109619140625;-138.68243408203125;-19.65449333190918;2.070984363555908;-8.166622161865234;-8.584410667419434
1445508909197;60.95880126953125;-139.18032836914062;-19.31366729736328;2.0386626720428467;-6.781576156616211;-8.11514663696289
1445508909229;65.55850219726562;-138.31832885742188;-18.80730438232422;2.1990742683410645;-6.1519012451171875;-6.518214225769043
1445508909264;66.42697143554688;-137.65708923339844;-19.237468719482422;2.981978178024292;-5.896918773651123;-5.584475517272949
1445508909296;69.32247924804688;-135.07655334472656;-20.033485412597656;1.868674397468567;-5.612008571624756;-2.4408886432647705
1445508909328;72.61175537109375;-133.32470703125;-19.894737243652344;1.5969325304031372;-5.0050787925720215;-1.3694833517074585
1445508909363;83.969482421875;-128.90679931640625;-18.037185668945312;0.14006079733371735;-5.716156482696533;-0.6093243360519409
1445508909395;100.89657592773438;-123.83628845214844;-8.49504280090332;-3.0142998695373535;-6.9024834632873535;-3.4320881366729736
1445508909428;112.37869262695312;-122.64607238769531;-4.539543628692627;-5.30195951461792;-6.843825340270996;-7.078457355499268
1445508909461;137.41795349121094;-122.23777770996094;6.129720687866211;-8.725667953491211;-8.177395820617676;-9.710882186889648
1445508909494;144.3447265625;-122.39720916748047;9.639755249023438;-3.974374771118164;-11.012130737304688;-11.372458457946777
1445508909528;138.65982055664062;-125.50350952148438;7.260322093963623;3.0633809566497803;-10.675745010375977;-12.27387523651123
1445508909560;130.9100799560547;-126.04973602294922;3.480236053466797;3.314772367477417;-11.9027738571167;-7.552509307861328
1445508909593;117.97174072265625;-127.73439025878906;-2.4358317852020264;-1.0977414846420288;-8.329427719116211;-11.343728065490723
1445508909627;111.93072509765625;-130.8582763671875;-4.169033050537109;-1.9704279899597168;-12.78264331817627;-9.962273597717285
1445508909660;105.204833984375;-131.4568328857422;-5.699528217315674;-0.304063618183136;-9.421183586120605;-7.009025573730469
1445508909692;98.1224365234375;-133.2061004638672;-6.542359828948975;-2.270900249481201;-5.352237701416016;-6.67982292175293
1445508909725;94.98794555664062;-133.53863525390625;-6.449592113494873;-2.7042508125305176;-3.6284127235412598;-2.631227731704712
1445508909761;81.93661499023438;-130.7288360595703;-11.221312522888184;1.7417817115783691;-6.989871978759766;-1.964442491531372
1445508909791;73.07772827148438;-129.23300170898438;-15.605379104614258;2.6024973392486572;-8.923190116882324;-4.5190558433532715
1445508909829;58.63397216796875;-128.21041870117188;-16.527441024780273;2.8634653091430664;-10.706870079040527;-5.003881454467773
1445508909858;51.7431640625;-128.11849975585938;-18.461355209350586;2.094926595687866;-7.845798969268799;-2.275688648223877
1445508909896;39.755889892578125;-127.2865982055664;-20.399106979370117;-0.2932897210121155;-6.457161903381348;-0.9229647517204285
1445508909924;35.650360107421875;-125.15125274658203;-19.523393630981445;-0.6476315855979919;-10.368090629577637;-1.280897855758667
1445508909956;30.260833740234375;-119.2954330444336;-16.108407974243164;2.4408886432647705;-13.833697319030762;-2.606088638305664
1445508909990;15.4110107421875;-116.19366455078125;-17.457862854003906;4.469974517822266;-7.037755966186523;-1.2210428714752197
1445508910021;13.0220947265625;-115.5728530883789;-17.47844886779785;3.514688014984131;-8.20612621307373;-1.7621324062347412
1445508910054;12.909637451171875;-112.8982162475586;-15.074030876159668;0.7374141216278076;-11.022904396057129;-1.7262194156646729
1445508910088;14.0238037109375;-110.86748504638672;-13.142562866210938;0.03950432687997818;-11.457451820373535;-1.0223240852355957
1445508910121;17.338134765625;-106.34659576416016;-9.217267036437988;0.8236053586006165;-12.20923137664795;-0.8391677141189575
1445508910154;17.05169677734375;-104.54736328125;-8.63398265838623;3.5649664402008057;-10.970232009887695;-0.424970805644989
1445508910187;13.76959228515625;-103.42874908447266;-9.835494995117188;2.564189910888672;-10.052056312561035;-0.5877765417098999
1445508910220;15.383941650390625;-101.6685791015625;-9.440654754638672;1.2617442607879639;-9.72165584564209;-0.8355764150619507
1445508910252;17.497039794921875;-100.62830352783203;-8.787047386169434;1.0821791887283325;-9.252392768859863;-0.8702923059463501
1445508910286;21.1005859375;-99.56795501708984;-8.140091896057129;1.9967641830444336;-9.008183479309082;-1.8195933103561401
1445508910319;22.263427734375;-99.98367309570312;-8.27829360961914;1.599326729774475;-8.543708801269531;-1.6400281190872192
1445508910352;24.3475341796875;-102.25952911376953;-8.826839447021484;2.2373814582824707;-6.332663536071777;-3.2740707397460938
1445508910385;25.21173095703125;-104.15886688232422;-9.337560653686523;1.3886369466781616;-6.730101108551025;-1.6364368200302124
1445508910417;33.583282470703125;-108.808837890625;-8.753497123718262;-0.9816226959228516;-8.975862503051758;-3.02986216545105
1445508910451;38.541778564453125;-109.05369567871094;-6.524301052093506;-3.5230677127838135;-11.560402870178223;-4.692635536193848
1445508910484;45.795654296875;-111.35356903076172;-2.9218406677246094;-1.7058687210083008;-10.925939559936523;-4.266467571258545
1445508910517;46.00042724609375;-113.78316497802734;-2.330906391143799;-0.2346317619085312;-10.515334129333496;-4.817133903503418
1445508910550;44.674407958984375;-114.41796875;-2.6087584495544434;0.9564836025238037;-11.036072731018066;-4.729745388031006
1445508910583;39.5277099609375;-115.01087951660156;-3.9127097129821777;3.134010076522827;-10.020931243896484;-4.225766181945801
1445508910616;33.36090087890625;-115.41812133789062;-5.77792501449585;3.3303346633911133;-10.007762908935547;-4.8602294921875
1445508910649;31.9561767578125;-115.27811431884766;-5.894775867462158;2.072181463241577;-10.302249908447266;-5.07570743560791
1445508910682;30.4599609375;-114.73831176757812;-5.204776763916016;0.7757213711738586;-10.26513957977295;-4.808753967285156
1445508910715;28.965362548828125;-114.06643676757812;-5.051903247833252;1.3024457693099976;-9.619902610778809;-4.708197593688965
1445508910748;24.49700927734375;-113.32833099365234;-5.076696872711182;0.16519992053508759;-8.767566680908203;-5.4025163650512695
1445508910781;23.714019775390625;-112.82585144042969;-4.1894145011901855;-0.8188169598579407;-8.80467700958252;-4.667496204376221
1445508910814;24.70501708984375;-110.47379302978516;-1.0027350187301636;-1.5705963373184204;-8.835801124572754;-2.0697872638702393
1445508910847;22.578582763671875;-107.61908721923828;0.5691136717796326;3.3255462646484375;-8.061277389526367;-1.1468225717544556
1445508910880;17.01263427734375;-106.65550231933594;-0.7442670464515686;3.405751943588257;-7.175422668457031;-3.423708438873291
1445508910913;11.453704833984375;-107.87083435058594;-1.068250298500061;-2.9891607761383057;-6.676231384277344;1.8064252138137817
1445508910946;17.70147705078125;-104.9786376953125;3.466780662536621;-1.86508309841156;-10.734403610229492;-0.4836287498474121
1445508910980;15.421173095703125;-104.02213287353516;4.095827102661133;4.759673118591309;-15.375563621520996;-3.1878795623779297
1445508911011;352.1775207519531;-105.7223129272461;-4.206612586975098;3.2369606494903564;-4.739322185516357;2.6204538345336914
1445508911045;349.9096984863281;-104.94872283935547;-5.040865898132324;-1.6268600225448608;-12.58033275604248;1.4281413555145264
1445508911078;357.81561279296875;-104.56964111328125;-2.77067494392395;-4.000710964202881;-13.344082832336426;1.035492181777954
1445508911111;1.0653076171875;-102.47684478759766;-1.4470798969268799;2.4875755310058594;-11.553220748901367;-2.0817582607269287
1445508911144;358.3923645019531;-102.1337661743164;-2.5642802715301514;2.008735179901123;-11.21444034576416;-1.5682021379470825
1445508911178;358.06597900390625;-101.62547302246094;-4.406368732452393;-0.7314286231994629;-11.751938819885254;-0.15682020783424377
1445508911209;2.270599365234375;-99.94544219970703;-3.595611333847046;-2.6180596351623535;-10.110713958740234;-0.0586579404771328
1445508911243;15.566070556640625;-94.54044342041016;-0.5116307735443115;-1.698686122894287;-8.904036521911621;-0.08978256583213806
1445508911276;20.512481689453125;-91.76191711425781;-0.32332247495651245;-0.3256114423274994;-8.459911346435547;0.39863458275794983
1445508911308;22.381927490234375;-91.54192352294922;-0.7560832500457764;0.7649474143981934;-9.230844497680664;-1.1528080701828003
1445508911343;27.569549560546875;-94.83189392089844;-1.0683321952819824;-1.3120225667953491;-9.452308654785156;-1.7836803197860718
1445508911376;39.9805908203125;-98.39592742919922;0.7998921275138855;-1.1180921792984009;-6.399701118469238;-2.894589900970459
1445508911409;44.223419189453125;-100.92948150634766;0.8688087463378906;0.2992752194404602;-4.5609540939331055;-1.886630892753601
1445508911445;54.4200439453125;-105.52919006347656;1.6096793413162231;-2.5127146244049072;-4.135983467102051;-0.47644615173339844
1445508911477;76.56658935546875;-110.614990234375;10.366937637329102;-10.559626579284668;-9.733627319335938;-2.4672248363494873
1445508911508;83.2239990234375;-112.24508666992188;13.930302619934082;-8.119935035705566;-10.63504409790039;-2.649184226989746
1445508911545;73.18460083007812;-114.64136505126953;9.884726524353027;4.0569748878479;-11.704054832458496;-9.896432876586914
1445508911573;71.44345092773438;-118.94879913330078;9.542206764221191;-3.509899616241455;-11.112687110900879;-6.0597243309021
1445508911606;74.41183471679688;-120.49911499023438;11.335076332092285;-3.028665065765381;-6.2835822105407715;-5.655104637145996
1445508911639;74.8516845703125;-119.37750244140625;11.510953903198242;-1.6543933153152466;-14.873977661132812;-5.594052314758301
1445508911672;67.92608642578125;-117.57549285888672;8.750314712524414;0.272938996553421;-11.39161205291748;-5.3582234382629395
1445508911705;64.33383178710938;-116.84700012207031;7.2961530685424805;0.6404489278793335;-10.036493301391602;-4.8937482833862305
1445508911738;59.391815185546875;-113.91179656982422;4.8836350440979;-0.5051765441894531;-10.918756484985352;-3.843890905380249
1445508911772;58.1187744140625;-111.90118408203125;4.225368499755859;-1.1300631761550903;-10.843339920043945;-3.354276657104492
1445508911804;55.331390380859375;-107.36868286132812;3.224609375;-0.5602431893348694;-8.641871452331543;-2.6850972175598145
1445508911837;50.541778564453125;-102.56656646728516;1.6573266983032227;0.629675030708313;-6.84981107711792;-2.3127987384796143
1445508911870;46.740936279296875;-100.4195785522461;0.2890212833881378;1.381454348564148;-5.871779441833496;-2.255337953567505
1445508911903;37.97100830078125;-97.8399658203125;-3.277010679244995;1.4628572463989258;-5.608417510986328;-2.0015525817871094
1445508911936;36.16473388671875;-97.61043548583984;-4.352942943572998;-0.6619967818260193;-7.929595947265625;-2.626439332962036
1445508911968;38.755096435546875;-95.35210418701172;-3.3546152114868164;-3.507505416870117;-11.343728065490723;-0.11133038252592087
1445508912002;42.14508056640625;-93.45162200927734;-1.903637170791626;0.6057330369949341;-11.707646369934082;-2.7533318996429443
1445508912035;39.301239013671875;-94.33381652832031;-2.972165584564209;0.9313444495201111;-11.32457447052002;0.15083470940589905
1445508912068;35.298248291015625;-95.03707122802734;-4.350224494934082;-0.20470423996448517;-10.24119758605957;0.628477931022644
1445508912101;35.11602783203125;-94.33251190185547;-3.98909854888916;-0.2717418968677521;-9.50737476348877;1.115697979927063
1445508912135;35.453369140625;-93.59793090820312;-3.5037591457366943;-1.048660397529602;-10.08318042755127;0.8331822156906128
1445508912167;35.362701416015625;-93.45660400390625;-3.4004595279693604;-0.1951274424791336;-9.684545516967773;0.31364041566848755
1445508912199;32.65667724609375;-94.61528778076172;-4.557452201843262;1.8375498056411743;-9.570821762084961;-0.48243165016174316
1445508912233;31.60589599609375;-95.21221923828125;-5.122745990753174;1.6328455209732056;-10.137049674987793;-0.6189011335372925
1445508912267;30.066925048828125;-96.35008239746094;-6.091690540313721;2.36188006401062;-9.758766174316406;-0.8020575642585754
1445508912299;26.0771484375;-98.8477554321289;-8.28978157043457;3.5063083171844482;-10.104728698730469;-0.44771572947502136
1445508912332;24.243255615234375;-100.23675537109375;-9.437800407409668;3.825934410095215;-10.639832496643066;-0.6260837316513062
1445508912365;21.9052734375;-103.64905548095703;-11.83484172821045;5.704185485839844;-13.769054412841797;-2.0697872638702393
1445508912399;21.719970703125;-105.71312713623047;-13.025206565856934;5.543774127960205;-12.836512565612793;-2.736572504043579
1445508912430;24.67449951171875;-108.9610366821289;-13.725069046020508;3.3901896476745605;-9.861717224121094;-1.823184609413147
1445508912464;26.62750244140625;-110.23381042480469;-13.535667419433594;2.8227639198303223;-9.769539833068848;-1.7944542169570923
1445508912496;33.4559326171875;-113.52828979492188;-11.763971328735352;1.4269442558288574;-8.066065788269043;-1.7393875122070312
1445508912529;35.65924072265625;-114.63243103027344;-11.162818908691406;1.1192892789840698;-7.274781703948975;-1.6663644313812256
1445508912564;38.700469970703125;-117.4187240600586;-10.595653533935547;1.282094955444336;-5.871779441833496;-1.3646949529647827
1445508912614;38.858642578125;-123.66686248779297;-12.033927917480469;1.2629413604736328;-4.32871675491333;-2.2170307636260986
1445508912629;38.858642578125;-123.66686248779297;-12.033927917480469;1.2629413604736328;-4.32871675491333;-2.2170307636260986
1445508912662;36.914337158203125;-129.40988159179688;-18.231300354003906;2.477998733520508;-7.454347133636475;-7.949946880340576
1445508912696;37.75811767578125;-131.3580780029297;-17.439311981201172;3.154360771179199;-9.683348655700684;-8.051700592041016
1445508912728;37.413482666015625;-134.14964294433594;-17.378263473510742;3.0813376903533936;-8.743624687194824;-8.546102523803711
1445508912761;36.80499267578125;-137.31338500976562;-17.871076583862305;3.8391025066375732;-8.955511093139648;-10.078392028808594
1445508912794;37.196563720703125;-138.1446075439453;-18.021408081054688;3.1076738834381104;-9.375694274902344;-10.268731117248535
1445508912827;40.23175048828125;-138.06900024414062;-17.202098846435547;2.100912094116211;-9.07522201538086;-8.969876289367676
1445508912859;41.5955810546875;-137.1683807373047;-16.960529327392578;2.184709072113037;-8.20492935180664;-8.462306022644043
1445508912893;43.700775146484375;-133.9034423828125;-17.0657958984375;1.4425065517425537;-7.015010833740234;-7.5884222984313965
1445508912926;44.20770263671875;-132.44607543945312;-17.16975212097168;1.171961784362793;-6.485892295837402;-6.7492547035217285
1445508912961;43.560516357421875;-129.47625732421875;-18.618080139160156;1.6376339197158813;-5.884947776794434;-5.161899089813232
1445508912991;42.7760009765625;-127.9906005859375;-14.847925186157227;1.6843209266662598;-5.959167957305908;-4.370615005493164
1445508913028;40.995452880859375;-125.60872650146484;-15.535260200500488;1.7046716213226318;-6.740874767303467;-4.183867454528809
1445508913062;40.479034423828125;-124.2212905883789;-15.882712364196777;1.4628572463989258;-7.050923824310303;-4.2963948249816895
1445508913091;41.050537109375;-123.94237518310547;-15.766079902648926;1.2198457717895508;-7.175422668457031;-4.289212226867676
1445508913124;43.566314697265625;-123.7582778930664;-14.821246147155762;0.7745242714881897;-6.611588001251221;-3.728969097137451
1445508913156;45.548797607421875;-125.33139038085938;-14.269762992858887;0.5650315880775452;-6.843825340270996;-4.284423828125
1445508913189;46.45928955078125;-126.75406646728516;-14.16031551361084;0.7625532150268555;-6.768408298492432;-4.553771495819092
1445508913227;48.682861328125;-130.58555603027344;-17.190460205078125;0.9301473498344421;-7.432799339294434;-5.4480061531066895
1445508913256;49.717926025390625;-132.47618103027344;-16.02366065979004;0.9564836025238037;-7.817068576812744;-5.980715751647949
1445508913289;50.582763671875;-136.79190063476562;-14.204383850097656;1.157596468925476;-7.684190273284912;-8.010998725891113
1445508913322;49.180419921875;-140.49501037597656;-13.844611167907715;2.603694438934326;-7.873332500457764;-9.260771751403809
1445508913355;48.70172119140625;-141.3269500732422;-13.654048919677734;1.8638859987258911;-8.419210433959961;-9.536105155944824
1445508913387;46.45819091796875;-141.09205627441406;-14.311071395874023;3.160346269607544;-9.244012832641602;-9.436745643615723
1445508913420;44.44732666015625;-138.96066284179688;-15.123905181884766;3.1711201667785645;-9.500192642211914;-9.345766067504883
1445508913453;43.67889404296875;-137.44058227539062;-15.522378921508789;3.162740468978882;-9.253589630126953;-8.453926086425781
1445508913487;42.38653564453125;-133.54115295410156;-16.44669532775879;2.3475148677825928;-8.163030624389648;-6.62355899810791
1445508913521;42.1429443359375;-131.36434936523438;-16.818925857543945;1.5729905366897583;-7.418434143066406;-5.216965675354004
1445508913553;41.530975341796875;-126.61859130859375;-12.884641647338867;1.4712369441986084;-7.1023993492126465;-4.608838081359863
1445508913586;40.1824951171875;-121.93798828125;-11.967415809631348;1.0438719987869263;-6.606799602508545;-3.620033025741577
1445508913619;39.327667236328125;-119.84456634521484;-11.6085844039917;0.8212111592292786;-6.391321659088135;-3.3039982318878174
1445508913652;37.21734619140625;-116.54850769042969;-11.063153266906738;0.8906430602073669;-6.71334171295166;-3.24414324760437
1445508913686;33.940673828125;-114.75251007080078;-11.043618202209473;1.7525556087493896;-6.83903694152832;-3.533841609954834
1445508913719;32.1505126953125;-114.38450622558594;-11.192092895507812;2.0590133666992188;-6.938396453857422;-3.624821424484253
1445508913752;29.677398681640625;-114.36775970458984;-11.305187225341797;1.6280571222305298;-7.4136457443237305;-3.2345664501190186
1445508913784;28.44573974609375;-115.38604736328125;-10.990479469299316;1.039083480834961;-6.658275127410889;-3.1902737617492676
1445508913816;28.07232666015625;-116.30551147460938;-10.6986665725708;0.4572925269603729;-6.755239963531494;-3.7648820877075195
1445508913850;27.595306396484375;-118.74147033691406;-9.978095054626465;1.1216834783554077;-8.422801971435547;-5.1367597579956055
1445508913884;27.63525390625;-119.8915023803711;-9.570592880249023;1.9979612827301025;-11.73278522491455;-6.703764915466309
1445508913916;27.23046875;-121.9369888305664;-8.902887344360352;2.7904419898986816;-13.986926078796387;-7.354987621307373
1445508913949;24.690032958984375;-122.47713470458984;-8.75655746459961;2.6815059185028076;-14.012065887451172;-6.53257942199707
1445508913984;22.975067138671875;-122.30022430419922;-8.587495803833008;2.0386626720428467;-13.30218505859375;-5.431246757507324
1445508914018;18.856781005859375;-122.3212890625;-8.650224685668945;4.81473970413208;-11.068394660949707;-7.271190643310547
1445508914047;10.67791748046875;-123.28553009033203;-11.61959457397461;4.027047157287598;-10.704475402832031;-5.509057998657227
1445508914081;3.71112060546875;-123.52435302734375;-13.932147026062012;3.404554843902588;-9.591172218322754;-5.110423564910889
1445508914114;1.103363037109375;-122.90538787841797;-14.465311050415039;1.8339585065841675;-7.110779285430908;-3.8534677028656006
1445508914147;0.29840087890625;-122.68080139160156;-14.514461517333984;1.2653355598449707;-5.924452304840088;-3.7696704864501953
1445508914179;357.88775634765625;-122.91371154785156;-14.991058349609375;0.7745242714881897;-3.997119665145874;-4.590881824493408
1445508914213;354.492919921875;-122.8299560546875;-15.013201713562012;-0.6548141837120056;-4.155137062072754;-4.669890403747559
1445508914246;352.0886535644531;-122.16099548339844;-14.88176155090332;-0.788889467716217;-4.795586109161377;-3.9695863723754883
1445508914280;346.8243103027344;-119.95340728759766;-14.847925186157227;0.8164227604866028;-6.295553207397461;-2.5558102130889893
1445508914311;342.298828125;-118.67367553710938;-15.535724639892578;3.116053581237793;-5.960365295410156;-2.5713725090026855
1445508914345;339.70263671875;-118.80860137939453;-16.543560028076172;4.566939830780029;-5.929240703582764;-2.8155810832977295
1445508914378;334.41448974609375;-118.87727355957031;-18.791704177856445;6.026205539703369;-9.032125473022461;-3.021482467651367
1445508914411;332.77532958984375;-118.88971710205078;-19.578567504882812;5.002684593200684;-12.0021333694458;-3.952826976776123
1445508914444;331.6027526855469;-117.8004379272461;-19.668235778808594;3.1531636714935303;-13.377601623535156;-2.8814218044281006
1445508914478;335.09942626953125;-115.00764465332031;-17.486072540283203;3.005920171737671;-15.350423812866211;-3.4368765354156494
1445508914510;333.600341796875;-114.19659423828125;-18.46848487854004;5.559336185455322;-11.481393814086914;-1.5382746458053589
1445508914546;332.86474609375;-114.04696655273438;-19.28414535522461;4.867412090301514;-11.03248119354248;-0.8080430626869202
1445508914576;336.90948486328125;-112.9659194946289;-19.182199478149414;1.9381062984466553;-10.718840599060059;-0.8080430626869202
1445508914609;341.9611511230469;-111.54052734375;-17.758390426635742;-1.260547161102295;-9.350554466247559;-0.6955155730247498
1445508914646;353.6243896484375;-108.56710052490234;-14.29648208618164;-2.2206220626831055;-8.251616477966309;-0.9289502501487732
1445508914676;0.27587890625;-106.94490814208984;-12.196158409118652;-2.229001760482788;-8.969876289367676;-1.037886381149292
1445508914709;13.848175048828125;-104.10519409179688;-8.103904724121094;-1.0833762884140015;-9.226056098937988;-2.206256866455078
1445508914741;25.519195556640625;-103.55770874023438;-5.228518486022949;-0.6739677786827087;-8.951920509338379;-2.584540843963623
1445508914774;38.745758056640625;-104.81116485595703;-2.062958240509033;-1.9081788063049316;-9.154230117797852;-2.343923568725586
1445508914807;46.566375732421875;-105.61646270751953;-0.28846120834350586;-1.7274165153503418;-9.14225959777832;-1.9524714946746826
1445508914839;62.017608642578125;-108.48338317871094;3.351869583129883;-2.296039342880249;-8.538920402526855;-3.468001127243042
1445508914873;69.4390869140625;-111.27532196044922;5.585819244384766;-3.9193081855773926;-8.183381080627441;-5.331887245178223
1445508914905;84.0535888671875;-117.91039276123047;11.526198387145996;-4.617218017578125;-6.342240333557129;-7.067683219909668
1445508914940;89.06900024414062;-122.20499420166016;14.357298851013184;-4.1395745277404785;-4.46518611907959;-9.240421295166016
1445508914977;95.72845458984375;-129.5673370361328;25.619651794433594;-3.0765492916107178;-4.842272758483887;-10.087968826293945
1445508915005;97.45700073242188;-134.53323364257812;25.647274017333984;-2.7461493015289307;-6.707355976104736;-9.951498985290527
1445508915038;96.7705078125;-135.77647399902344;25.475290298461914;-2.2146365642547607;-8.452729225158691;-9.633070945739746
1445508915070;90.1436767578125;-135.51922607421875;22.696399688720703;0.5949591398239136;-9.963470458984375;-8.859743118286133
1445508915103;84.03277587890625;-134.5828399658203;19.527095794677734;1.2042834758758545;-9.603142738342285;-7.939172744750977
1445508915137;66.88082885742188;-131.4644775390625;10.428983688354492;0.7589619159698486;-8.611943244934082;-7.085639953613281
1445508915170;62.917083740234375;-130.6361541748047;8.469989776611328;0.0802057534456253;-7.949946880340576;-6.496666431427002
1445508915203;56.17230224609375;-129.0678253173828;5.434503078460693;-0.16160862147808075;-7.495048522949219;-6.405686855316162
1445508915236;52.880157470703125;-128.36331176757812;4.010244846343994;-0.24779987335205078;-7.2005615234375;-6.1088056564331055
1445508915269;47.436492919921875;-126.91357421875;1.5934644937515259;-1.1324573755264282;-7.594407558441162;-5.262455463409424
1445508915302;41.188140869140625;-125.06721496582031;-0.09449748694896698;-0.5446808934211731;-7.966706275939941;-4.948814868927002
1445508915368;27.276947021484375;-123.53241729736328;-4.185042858123779;-1.7298107147216797;-8.588001251220703;-4.168305397033691
1445508915335;36.82696533203125;-124.44780731201172;-1.4575437307357788;-0.5434837937355042;-8.202534675598145;-4.99669885635376
1445508915401;22.62042236328125;-122.93360900878906;-5.1930012702941895;-1.1623848676681519;-8.130708694458008;-2.855085611343384
1445508915434;6.377288818359375;-121.1513671875;-9.422609329223633;0.7242460250854492;-8.588001251220703;-2.9484593868255615
1445508915470;2.981536865234375;-120.6619873046875;-10.213654518127441;1.316810965538025;-8.401253700256348;-3.028665065765381
1445508915500;1.501495361328125;-119.818115234375;-9.71595287322998;-0.6775590777397156;-11.101913452148438;-3.2106244564056396
1445508915534;3.7841796875;-118.50308990478516;-8.027652740478516;-1.6328455209732056;-11.856086730957031;-3.2357635498046875
1445508915566;7.308685302734375;-115.94074249267578;-5.478790283203125;-0.4165911078453064;-11.990161895751953;-2.9496564865112305
1445508915600;6.28851318359375;-114.18570709228516;-5.6398186683654785;1.2773065567016602;-11.72201156616211;-3.799597978591919
1445508915632;6.532073974609375;-113.29524993896484;-5.66626501083374;0.628477931022644;-11.559206008911133;-3.5218706130981445
1445508915664;9.845611572265625;-110.89826202392578;-4.642214775085449;-0.5159504413604736;-10.471040725708008;-2.9724013805389404
1445508915698;12.14520263671875;-109.66136932373047;-3.9298808574676514;-0.4465186297893524;-10.163386344909668;-2.9269115924835205
1445508915730;15.73052978515625;-107.22314453125;-3.1660473346710205;0.5590460896492004;-9.692925453186035;-2.7676970958709717
1445508915764;16.776641845703125;-106.20811462402344;-3.2345950603485107;0.5937620401382446;-9.404424667358398;-2.38462495803833
1445508915797;18.903900146484375;-103.45557403564453;-4.349035739898682;1.1240776777267456;-8.681375503540039;-1.96683669090271
1445508915831;19.542755126953125;-102.99510955810547;-4.883019924163818;0.9481038451194763;-8.416815757751465;-1.866280198097229
1445508915863;21.9639892578125;-102.90026092529297;-5.549605369567871;0.22385786473751068;-8.939949035644531;-2.2876596450805664
1445508915896;24.025634765625;-102.91533660888672;-5.530453681945801;-0.2106897532939911;-8.980650901794434;-1.9835960865020752
1445508915929;29.6673583984375;-103.1806869506836;-4.737100124359131;-0.8762778043746948;-8.632294654846191;-2.3535003662109375
1445508915962;35.60418701171875;-105.44966125488281;-3.741955041885376;-0.07541735470294952;-7.9176249504089355;-3.886986494064331
1445508915995;38.02557373046875;-107.93125915527344;-3.553633213043213;0.24660277366638184;-7.745242595672607;-5.052962779998779
1445508916029;42.83837890625;-112.5659408569336;-3.0764763355255127;0.5015852451324463;-8.621520042419434;-5.901707172393799
1445508916061;44.306610107421875;-114.5995101928711;-3.2167410850524902;1.0558429956436157;-9.617507934570312;-7.311892032623291
1445508916095;46.839385986328125;-117.80400085449219;-3.2985119819641113;0.15921440720558167;-9.232041358947754;-5.261258125305176
1445508916133;47.41241455078125;-119.27134704589844;-3.7434303760528564;2.45285964012146;-10.11669921875;-7.661445617675781
1445508916160;46.003021240234375;-120.08463287353516;-4.850781440734863;2.8131868839263916;-9.75278091430664;-7.2137298583984375
1445508916194;39.761688232421875;-121.3709716796875;-9.453591346740723;2.7006595134735107;-8.633491516113281;-7.218518257141113
1445508916226;37.677093505859375;-121.52886199951172;-10.959402084350586;2.7222073078155518;-8.404845237731934;-6.685808181762695
1445508916260;34.184722900390625;-121.68379974365234;-13.380158424377441;2.761711597442627;-9.512163162231445;-6.582857608795166
1445508916292;32.48321533203125;-121.87776184082031;-14.539637565612793;3.071760892868042;-9.131484985351562;-6.110002517700195
1445508916326;30.0185546875;-122.83548736572266;-16.627967834472656;2.9891607761383057;-7.2987236976623535;-5.467159748077393
1445508916360;31.23681640625;-123.64519500732422;-17.05910301208496;0.7817068696022034;-6.3051300048828125;-3.360262155532837
1445508916391;33.45452880859375;-123.08104705810547;-16.108436584472656;0.3172317147254944;-6.988674640655518;-2.0889410972595215
1445508916428;38.312713623046875;-122.82069396972656;-14.293791770935059;1.9692308902740479;-5.785588264465332;-3.9659950733184814
1445508916457;39.55657958984375;-123.53397369384766;-14.078681945800781;2.298433542251587;-4.928464412689209;-2.9089550971984863
1445508916494;40.99249267578125;-124.80487823486328;-13.7258882522583;0.014365210197865963;-6.017826080322266;-2.450465440750122
1445508916523;43.575714111328125;-125.19658660888672;-12.394643783569336;1.2090718746185303;-7.404068946838379;-4.63517427444458
1445508916556;47.946319580078125;-127.56039428710938;-10.948774337768555;3.2609026432037354;-9.855731010437012;-8.236053466796875
1445508916591;51.700653076171875;-129.71295166015625;-11.569147109985352;1.8375498056411743;-7.329848289489746;-6.100425720214844
1445508916621;52.91827392578125;-131.32101440429688;-10.853083610534668;4.10246467590332;-11.095928192138672;-8.300697326660156
1445508916655;52.859771728515625;-133.1437530517578;-10.896455764770508;2.1080946922302246;-9.299078941345215;-9.368511199951172
1445508916689;53.5189208984375;-133.845947265625;-10.336024284362793;2.229001760482788;-7.959523677825928;-8.47547435760498
1445508916721;54.51959228515625;-134.9826202392578;-8.601361274719238;-0.17836803197860718;-9.066842079162598;-10.195708274841309
1445508916754;53.73486328125;-135.17233276367188;-7.627308368682861;1.7405846118927002;-8.183381080627441;-8.924386978149414
1445508916787;53.395599365234375;-135.49526977539062;-6.860537528991699;0.45489832758903503;-7.717709064483643;-8.948328971862793
1445508916820;55.881500244140625;-135.45016479492188;-2.7303085327148438;-1.800439715385437;-8.779537200927734;-8.317456245422363
1445508916853;56.603607177734375;-135.38015747070312;-0.7441167831420898;-1.3539210557937622;-8.08162784576416;-7.163451671600342
1445508916886;54.5963134765625;-136.31631469726562;1.6140097379684448;-1.7393875122070312;-6.22731876373291;-5.9088897705078125
1445508916920;52.820953369140625;-137.05084228515625;2.506606340408325;-1.742978811264038;-5.6658782958984375;-6.082469463348389
1445508916952;42.996063232421875;-137.7882080078125;0.4204614460468292;1.6508020162582397;-4.675876140594482;-3.075352191925049
1445508916985;31.037322998046875;-139.02442932128906;-3.8937764167785645;1.212663173675537;-3.5230677127838135;-3.975571870803833
1445508917019;26.340545654296875;-139.62855529785156;-5.601078033447266;1.2258312702178955;-4.155137062072754;-3.927687883377075
1445508917051;19.630523681640625;-139.66441345214844;-8.27866268157959;1.6723499298095703;-6.112396717071533;-4.1611223220825195
1445508917084;15.121429443359375;-137.40188598632812;-11.06010627746582;2.4791958332061768;-7.642292022705078;-4.520252704620361
1445508917116;12.778167724609375;-134.8683624267578;-13.737377166748047;2.3331496715545654;-8.762778282165527;-6.0872578620910645
1445508917149;13.176361083984375;-133.59014892578125;-14.283600807189941;1.5502456426620483;-9.41400146484375;-7.115567684173584
1445508917182;13.53143310546875;-130.53985595703125;-16.116413116455078;2.0242974758148193;-9.645041465759277;-7.314286231994629
1445508917216;10.571929931640625;-128.2013702392578;-16.12310791015625;3.3291375637054443;-9.11233139038086;-6.467936038970947
1445508917248;9.47259521484375;-126.87684631347656;-17.518787384033203;3.3195607662200928;-9.340977668762207;-5.626373767852783
1445508917282;10.474365234375;-124.12307739257812;-19.305879592895508;2.8574798107147217;-9.181763648986816;-5.6910176277160645
1445508917315;11.669769287109375;-122.89888763427734;-19.84758186340332;1.1276689767837524;-8.787917137145996;-3.732560396194458
1445508917348;14.843475341796875;-120.25833892822266;-20.218830108642578;1.037886381149292;-8.935160636901855;-3.5051112174987793
1445508917382;14.726806640625;-118.4264907836914;-21.567901611328125;4.016273498535156;-9.029731750488281;-4.513070106506348
1445508917414;14.202667236328125;-118.61329650878906;-22.572526931762695;4.212597846984863;-8.868123054504395;-4.590881824493408
1445508917446;14.50201416015625;-119.08623504638672;-23.534231185913086;2.694674015045166;-7.412448406219482;-3.7852327823638916
1445508917480;16.582000732421875;-119.40933227539062;-23.351741790771484;2.3953988552093506;-6.774393558502197;-3.6966474056243896
1445508917513;23.63409423828125;-119.9217300415039;-21.976238250732422;1.7310078144073486;-5.360617637634277;-3.1304187774658203
1445508917546;30.0325927734375;-120.7799301147461;-20.419322967529297;2.01232647895813;-5.275623321533203;-0.9253589510917664
1445508917579;30.102294921875;-120.57060241699219;-20.299781799316406;1.5394717454910278;-5.027823448181152;-1.1779472827911377
1445508917612;31.929534912109375;-119.48863220214844;-19.839632034301758;6.098031520843506;-11.907562255859375;-4.017470359802246
1445508917645;33.32427978515625;-119.09954071044922;-20.118263244628906;6.472724437713623;-13.614627838134766;-6.446388244628906
1445508917677;37.24554443359375;-119.49964904785156;-20.411399841308594;4.975151062011719;-14.717158317565918;-7.343016624450684
1445508917711;43.742645263671875;-118.65286254882812;-19.068147659301758;3.9169139862060547;-11.346121788024902;-5.4480061531066895
1445508917744;43.9820556640625;-118.44969177246094;-19.34023666381836;4.0761284828186035;-9.872490882873535;-4.572925090789795
1445508917777;42.54290771484375;-118.91446685791016;-20.939237594604492;4.606443881988525;-7.682993412017822;-4.0976762771606445
1445508917810;41.57855224609375;-119.1680908203125;-21.75145721435547;4.19224739074707;-6.580463409423828;-3.5039141178131104
1445508917842;40.941314697265625;-118.7332763671875;-22.347896575927734;3.0789434909820557;-7.134721279144287;-2.3271639347076416
1445508917876;41.4788818359375;-118.03042602539062;-22.106502532958984;2.783259391784668;-7.902062892913818;-2.1116859912872314
1445508917910;42.949615478515625;-116.37227630615234;-21.224876403808594;2.608482837677002;-11.109095573425293;-2.6132712364196777
1445508917941;43.810516357421875;-114.8474349975586;-20.249961853027344;1.920149803161621;-12.433089256286621;-1.5203180313110352
1445508917981;48.043792724609375;-110.88285827636719;-16.999433517456055;1.5322890281677246;-7.844601631164551;-2.0171148777008057
1445508918009;48.83984375;-109.97499084472656;-16.227554321289062;1.8794482946395874;-9.221267700195312;-1.6328455209732056
1445508918042;49.5067138671875;-109.13800048828125;-15.448393821716309;2.1164743900299072;-11.073183059692383;-1.5682021379470825
1445508918074;51.324859619140625;-107.25533294677734;-13.177765846252441;0.11133038252592087;-9.136273384094238;1.400607943534851
1445508918108;51.193939208984375;-105.33622741699219;-11.740160942077637;0.4106055796146393;-7.447164535522461;1.2545616626739502
1445508918139;51.037567138671875;-104.82025146484375;-11.281350135803223;1.3395558595657349;-10.936713218688965;-0.18555063009262085
1445508918173;52.88250732421875;-104.5057373046875;-10.392961502075195;-2.205059766769409;-12.864046096801758;-1.558625340461731
1445508918205;57.149627685546875;-103.09769439697266;-8.331978797912598;-3.1519665718078613;-11.116278648376465;-1.622071623802185
1445508918239;64.927978515625;-101.00381469726562;-4.622612476348877;-2.562992811203003;-9.84615421295166;-1.6723499298095703
1445508918272;69.12173461914062;-99.8553466796875;-2.0719194412231445;-0.6165069341659546;-10.040084838867188;-2.721010208129883
1445508918305;69.48211669921875;-99.95763397216797;-1.586388349533081;-0.16400282084941864;-9.126696586608887;-2.448071241378784
1445508918338;68.35906982421875;-100.01649475097656;-1.3192323446273804;-0.3387795388698578;-9.641449928283691;-1.942894697189331
1445508918377;67.10595703125;-99.89097595214844;-0.9246113896369934;0.07781155407428741;-9.985017776489258;-2.4887726306915283
1445508918403;65.5721435546875;-100.05598449707031;-0.9846214056015015;0.5710170865058899;-9.963470458984375;-2.1080946922302246
1445508918437;60.476806640625;-100.2101821899414;-1.5843939781188965;1.282094955444336;-9.683348655700684;0.14365209639072418
1445508918470;53.202667236328125;-99.83041381835938;-3.181579113006592;2.12485408782959;-9.884461402893066;-2.050633668899536
1445508918503;49.386993408203125;-100.02774047851562;-4.135565280914307;1.4832079410552979;-10.301053047180176;-0.33758243918418884
1445508918536;43.247833251953125;-99.5947265625;-5.333102226257324;1.7166426181793213;-9.533711433410645;-0.6847416758537292
1445508918569;40.53619384765625;-99.67182159423828;-5.889216423034668;1.8986018896102905;-9.255983352661133;-1.821987509727478
1445508918840;38.105499267578125;-100.28370666503906;-6.434060573577881;1.922544002532959;-9.332598686218262;-0.8212111592292786
